[1,["5fEqxvoVJGcayJ+yacONHZ","9cJ8TtPM5JNpgBx3CRCmBj","99GZ+Qlf1OGKY2a+RH9jh6","c5JdQvQthJfoRcnLfY7gIA","12vKtdUvlD2YzT3WWJaYiC","2c5k81tWBImoXJUpgN9pj2","33LfOizYpMo6RK80fXiP3V","ebxLJUuBFAw58LvtcykzDb","f5YMYp4rJB6KGI+aEQk/ei","073TbA8tlDEqgIPSX5sz3X","fcIohDSYBG9IF3G9jtRiuU","b1W2zoZQFJmqpu41ojlDh8","5bdNvThxRC47QJfvkoP8ji","7bZZ0g6bxIjr1XKoNmJzuc","3dKM/76qhMEItIV2ARrfrF","9aiZAtTxxK5qIYDJchnYHE","43cESWfp1FAIzu3avJh4gI","14LevC23ZHZIB166H2Gl1+","25ax8AeN1L4KuflS78QgGX","5abQNakJNLT4xgJiiL7rcL","cbZv4krjBHuocgHnBDoOUD","803sGah9lNsYlGS1WsW69C","c8hdDqCF9GJr1CvjFtvaVO","805eX6WXBGca0sWN0rCT/+","a1U3sso0dDRIkP04VMS/iI","0cO34oSulKXq6Uh8QKCFEx","e5ejWc8UFInqb6pnrAh0wO","4d82iGfTJInKZMCBLpIF6F","33AG7Jn71CMojz2w2710KS","47jGMXgKhN/J+3eIk030QY","4f+GZM7y1F1aKhD09J2doF","e7gpbLZMRDCpZxX/AXsOpr","080ywXPyxMJbhpd53jj3hJ","58sX/5G7FNQJw4yl3BWhdc","ed+fkWMJ9M75SflMTPkoPS","61fu1iBwpKKaVD2E4effp+","9cQCAvJPVKDIxt5tKSt9tD","9cCNSwGAhNAIJOl3bBNBS8","f0iwVgXbxBp5VufHyBne4o","7a5SAdyEZBR5n6LhGMARjq","2e3bUDSatN1Y55W1WDc2ER","263kdU7IdKsbYkRhQnptN0","4cAZXNizxGyIhMVpQTwl+Q","fa33RHBDxM371CfcO8yoPv","0bB76S7rtHl7apu8L71o29","28lORj9KBLnbdeuP7sn0ev","d2+wSulFJKXpFBGn264key","5dBBkMT/RFQL7tbxe4t/hy","efYXAbpfhGOrzCw+zKBtUG","c0quaalMZAM7smL+48mQKM","9faqbwywxIVI+dZT6KswZI","d8foYW11lLQbpQeG76ABJt","e8+fQrKPBDXbHGtYtyqE4J","e0BD1iSRhM9L1qXic1PimJ"],["_textureSetter","value","node","_spriteFrame","_defaultClip","root","vfxBAnim","vfxC","vfxA","effectSparkleAnim","autoMouseOverAnim","mouseOverAnim","spinArrowSprite","autoSpinCountNode","autoSpinHolder","normalSpinArrowHolder","normalSpinHolder","numberContainer","data","normalArrowSF","blurNormalArrowSF","greyArrowSF","blurGreyArrowSF"],["cc.SpriteFrame",["cc.Node",["_name","_active","_prefab","_parent","_components","_contentSize","_children","_trs","_color"],1,4,1,9,5,2,7,5],["cc.Sprite",["_sizeMode","_isTrimmedMode","_dstBlendFactor","_srcBlendFactor","node","_spriteFrame"],-1,1,6],["cc.AnimationClip",["_name","_duration","sample","wrapMode","curveData"],-1,11],["cc.Node",["_name","_active","_parent","_components","_prefab","_contentSize","_children"],1,1,2,4,5,2],["cc.Animation",["node","_clips"],3,1,3],["cc.Prefab",["_name"],2],["cc.Node",["_name","_parent","_components","_prefab","_contentSize","_trs"],2,1,12,4,5,7],["4e41atMAw1H9ocY9GWeO1Fh",["node","normalSpinHolder","normalSpinArrowHolder","autoSpinHolder","autoSpinCountNode","spinArrowSprite","mouseOverAnim","autoMouseOverAnim","effectSparkleAnim","vfxA","vfxC","vfxBAnim","normalArrowSF","blurNormalArrowSF","greyArrowSF","blurGreyArrowSF"],3,1,1,1,1,1,1,1,1,1,1,1,1,6,6,6,6],["cc.PrefabInfo",["fileId","root"],2,1],["e13cc9FLShL66GevrFVSv5p",["maxContainerSize","enableComma","enableDecimal","kSprite","nodeNumberWidth","nodeNumberScale","commaWidth","commaScale","decimalWidth","decimalScale","decimalNumberWidth","decimalNumberY","decimalNumberScale","multiplySpriteWidth","multiplySpriteScale","blurScale","spriteColor","node","numberContainer","numberSprite"],-14,1,1,3]],[[9,0,1,2],[2,3,2,0,1,4,5,5],[1,0,3,4,2,5,7,2],[1,0,3,4,2,5,2],[5,0,1,1],[3,0,1,2,3,4,5],[1,0,3,6,2,7,2],[7,0,1,2,3,4,5,2],[4,0,1,2,6,3,4,5,3],[2,0,1,4,5,3],[3,0,1,2,4,4],[6,0,2],[1,0,6,4,2,5,2],[1,0,1,3,6,2,3],[1,0,3,4,2,8,5,7,2],[4,0,2,3,4,5,2],[8,0,1,2,3,4,5,6,7,8,9,10,11,12,13,14,15,1],[10,0,1,2,3,4,5,6,7,8,9,10,11,12,13,14,15,16,17,18,19,18],[2,3,2,0,1,4,5],[2,2,0,1,4,4],[2,0,1,4,3],[5,0,1]],[[[{"name":"sb_button","rect":[1441,1622,162,162],"offset":[0,0],"originalSize":[162,162],"capInsets":[0,0,0,0]}],[0],0,[0],[0],[1]],[[{"name":"sb_vfx_b_screen_04","rect":[221,1,218,214],"offset":[0,0],"originalSize":[320,320],"capInsets":[0,0,0,0]}],[0],0,[0],[0],[0]],[[{"name":"sb_vfx_b_screen_16","rect":[361,635,172,160],"offset":[-1,6],"originalSize":[320,320],"rotated":1,"capInsets":[0,0,0,0]}],[0],0,[0],[0],[0]],[[{"name":"sb_arrow_blur","rect":[1629,1320,169,171],"offset":[0,0],"originalSize":[169,171],"capInsets":[0,0,0,0]}],[0],0,[0],[0],[1]],[[[5,"sb_mouse_hover_normal",1,10,"2",[{},"paths",11,[{},"scale_effect",11,[{},"props",11,[{},"color",12,[[[{"frame":0},"value",8,[4,4294967295]],[{"frame":1},"value",8,[4,4278190080]]],11,11],"scale",12,[[[{"frame":0,"curve":"cubicOut"},"value",8,[0,2.5,2.5]],[{"frame":1},"value",8,[0,3.5,3.5]]],11,11]]]]]]],0,0,[],[],[]],[[{"name":"sb_vfx_b_screen_13","rect":[175,819,172,170],"offset":[0,1],"originalSize":[320,320],"rotated":1,"capInsets":[0,0,0,0]}],[0],0,[0],[0],[0]],[[{"name":"sb_vfx_b_screen_17","rect":[641,429,170,154],"offset":[0,8],"originalSize":[320,320],"rotated":1,"capInsets":[0,0,0,0]}],[0],0,[0],[0],[0]],[[[5,"sb_mouse_hover",1,10,"2",[{},"paths",11,[{},"scale_effect",11,[{},"props",11,[{},"scale",12,[[[{"frame":0,"curve":"cubicOut"},"value",8,[0,1.43,1.43]],[{"frame":1},"value",8,[0,2,2]]],11,11],"color",12,[[[{"frame":0},"value",8,[4,4294967295]],[{"frame":1},"value",8,[4,4278190080]]],11,11]]]]]]],0,0,[],[],[]],[[{"name":"sb_vfx_b_screen_12","rect":[1,633,184,188],"offset":[-1,0],"originalSize":[320,320],"rotated":1,"capInsets":[0,0,0,0]}],[0],0,[0],[0],[0]],[[{"name":"sb_vfx_b_screen_00","rect":[1,819,172,172],"offset":[0,1],"originalSize":[320,320],"capInsets":[0,0,0,0]}],[0],0,[0],[0],[0]],[[{"name":"sb_arrow","rect":[1155,1073,169,173],"offset":[0,0],"originalSize":[169,173],"capInsets":[0,0,0,0]}],[0],0,[0],[0],[1]],[[{"name":"sb_vfx_b_screen_01","rect":[431,427,208,206],"offset":[0,0],"originalSize":[320,320],"capInsets":[0,0,0,0]}],[0],0,[0],[0],[0]],[[{"name":"sb_vfx_b_screen_14","rect":[191,635,172,168],"offset":[0,1],"originalSize":[320,320],"rotated":1,"capInsets":[0,0,0,0]}],[0],0,[0],[0],[0]],[[{"name":"sb_arrow_grey_blur","rect":[1452,1449,169,171],"offset":[0,0],"originalSize":[169,171],"capInsets":[0,0,0,0]}],[0],0,[0],[0],[1]],[[{"name":"sb_vfx_b_screen_02","rect":[659,215,214,212],"offset":[0,0],"originalSize":[320,320],"capInsets":[0,0,0,0]}],[0],0,[0],[0],[0]],[[{"name":"sb_vfx_b_screen_05","rect":[441,1,216,214],"offset":[0,0],"originalSize":[320,320],"capInsets":[0,0,0,0]}],[0],0,[0],[0],[0]],[[{"name":"sb_auto","rect":[1155,859,202,212],"offset":[0,0],"originalSize":[202,212],"capInsets":[0,0,0,0]}],[0],0,[0],[0],[1]],[[{"name":"sb_vfx_b_screen_19","rect":[877,1,170,146],"offset":[0,13],"originalSize":[320,320],"rotated":1,"capInsets":[0,0,0,0]}],[0],0,[0],[0],[0]],[[{"name":"sb_vfx_b_screen_07","rect":[1,217,214,212],"offset":[0,1],"originalSize":[320,320],"capInsets":[0,0,0,0]}],[0],0,[0],[0],[0]],[[[11,"spin_button_controller"],[12,"spin_button_controller",[-14,-15,-16,-17,-18,-19],[[16,-13,-12,-11,-10,-9,-8,-7,-6,-5,-4,-3,-2,21,22,23,24]],[0,"f4DbB7LytLdo45+UDg3VDx",-1],[5,250,250]],[6,"normal_spin_holder",1,[-20,-21,-22,-23,-24,-25],[0,"4d7ChmdDFDKbIDWIOb6Kyh",1],[0,0,0,0,0,0,1,1.4286,1.4286,1]],[13,"auto_spin_holder",false,1,[-26,-27],[0,"9eLLUwkmdHg5o7n5qfIo7u",1]],[3,"auto_spin_count_node",3,[[17,120,false,false,null,80,1.43,0,0,0,0,0,0,0,0,0,0,"#FFFFFF",-29,-28,[7,8,9,10,11,12,13,14,15,16]]],[0,"fcFmasqThMia5rCueW55rQ",1],[5,120,120]],[2,"sb_vfx_a_screen",2,[[1,1,769,2,false,-30,1]],[0,"c4GvkOeH9JobRPXVfgN/gD",1],[5,300,300],[0,0,0,0,0,0,1,0.85,0.85,1]],[14,"sb_vfx_c_screen",2,[[1,1,769,2,false,-31,4]],[0,"20xjnb0GZG6aojLxpBJ0wj",1],[4,4278190080],[5,119,121],[0,0,0,0,0,0,1,1.3929721,1.3929721,1]],[7,"sb_vfx_b_screen",2,[[[18,1,769,2,false,-32],-33],4,1],[0,"20sfkl2HFIbpc2wVmdyKqB",1],[5,320,320],[0,0,0,0,0,0,1,1.749965,1.749965,1]],[6,"normal_spin_arrow_holder",1,[-34],[0,"7cstMmbApJVJ3tOBg1csnQ",1],[0,0,0,0,0,0,1,1.43,1.43,1]],[8,"sb_mousehover",false,1,[-36],[-35],[0,"dfAAGZkuBOfrCTWkMFiksR",1],[5,105,105]],[8,"sb_mousehover_auto",false,1,[-38],[-37],[0,"5c0vXTcipNY6v+CLWqymKq",1],[5,105,105]],[7,"sb_vfx_a_add",1,[[[19,1,2,false,-39],-40],4,1],[0,"e1KRomz05E0rCVmZrn+2Mf",1],[5,500,500],[-11,0,0,0,0,0,1,1.75,1.75,1]],[2,"sb_button_bg_screen",2,[[1,1,769,2,false,-41,0]],[0,"13isJMvI9I86xidaDGf5kc",1],[5,96,96],[0,0,0,0,0,0,1,2.3309534,2.3309534,1]],[3,"spin_button",2,[[9,2,false,-42,2]],[0,"1bI8vaQcxHSoOocL/d30dV",1],[5,162,162]],[3,"sb_button_02_screen",2,[[1,1,769,2,false,-43,3]],[0,"b85HxKOe9JdZoBROfE7sEE",1],[5,181,181]],[4,7,[5]],[15,"arrow",8,[-44],[0,"d7EUzgQdFAyoQb9qA1p2ia",1],[5,181,181]],[20,2,false,16],[2,"auto_spin_sprite",3,[[9,2,false,-45,6]],[0,"d9aiuj1CJG3q1f9efoWpQP",1],[5,202,203],[0,0,0,0,0,0,1,1.4286,1.4286,1]],[2,"scale_effect",9,[[1,1,769,2,false,-46,17]],[0,"2emVT8HAZMsJjtcTgB+C1l",1],[5,150,150],[0,0,0,0,0,0,1,2.5,2.5,1]],[4,9,[18]],[2,"scale_effect",10,[[1,1,769,2,false,-47,19]],[0,"06+tp5hXtN5IrK9M69QO7S",1],[5,315,315],[0,0,0,0,0,0,1,1.43,1.43,1]],[4,10,[20]],[21,11]],0,[0,5,1,0,6,15,0,7,6,0,8,5,0,9,23,0,10,22,0,11,20,0,12,17,0,13,4,0,14,3,0,15,8,0,16,2,0,2,1,0,-1,2,0,-2,8,0,-3,3,0,-4,9,0,-5,10,0,-6,11,0,-1,12,0,-2,5,0,-3,13,0,-4,14,0,-5,6,0,-6,7,0,-1,18,0,-2,4,0,17,4,0,2,4,0,2,5,0,2,6,0,2,7,0,-2,15,0,-1,16,0,-1,20,0,-1,19,0,-1,22,0,-1,21,0,2,11,0,-2,23,0,2,12,0,2,13,0,2,14,0,-1,17,0,2,18,0,2,19,0,2,21,0,18,1,47],[0,0,0,0,0,0,0,0,0,0,0,0,0,0,0,0,0,0,0,0,0,0,0,0,0,15,17,20,22],[3,3,3,3,3,-1,3,-1,-2,-3,-4,-5,-6,-7,-8,-9,-10,3,-1,3,-1,19,20,21,22,4,3,4,4],[7,8,9,10,11,3,12,13,14,15,16,17,18,19,20,21,22,23,4,24,5,6,25,26,27,3,6,4,5]],[[{"name":"sb_vfx_b_screen_11","rect":[1,431,200,200],"offset":[0,0],"originalSize":[320,320],"capInsets":[0,0,0,0]}],[0],0,[0],[0],[0]],[[{"name":"sb_vfx_b_screen_09","rect":[431,217,212,208],"offset":[0,0],"originalSize":[320,320],"capInsets":[0,0,0,0]}],[0],0,[0],[0],[0]],[[{"name":"sb_vfx_b_screen_08","rect":[217,217,212,210],"offset":[0,0],"originalSize":[320,320],"capInsets":[0,0,0,0]}],[0],0,[0],[0],[0]],[[{"name":"sb_vfx_b_screen_22","rect":[523,635,170,156],"offset":[-1,8],"originalSize":[320,320],"rotated":1,"capInsets":[0,0,0,0]}],[0],0,[0],[0],[0]],[[{"name":"sb_hover_vfx_b_screen","rect":[759,635,315,315],"offset":[0,0],"originalSize":[315,315],"capInsets":[0,0,0,0]}],[0],0,[0],[0],[2]],[[{"name":"sb_vfx_c_screen","rect":[1378,818,119,121],"offset":[0,0],"originalSize":[119,121],"capInsets":[0,0,0,0]}],[0],0,[0],[0],[2]],[[{"name":"sb_vfx_b_screen_21","rect":[681,601,170,152],"offset":[0,9],"originalSize":[320,320],"rotated":1,"capInsets":[0,0,0,0]}],[0],0,[0],[0],[0]],[[[10,"sb_vfx_b_screen",1.6875,16,[{},"comps",11,[{},"cc.Sprite",11,[{},"spriteFrame",12,[[[{"frame":0},"value",6,0],[{"frame":0.0625},"value",6,1],[{"frame":0.125},"value",6,2],[{"frame":0.1875},"value",6,3],[{"frame":0.25},"value",6,4],[{"frame":0.3125},"value",6,5],[{"frame":0.375},"value",6,6],[{"frame":0.4375},"value",6,7],[{"frame":0.5},"value",6,8],[{"frame":0.5625},"value",6,9],[{"frame":0.625},"value",6,10],[{"frame":0.6875},"value",6,11],[{"frame":0.75},"value",6,12],[{"frame":0.8125},"value",6,13],[{"frame":0.875},"value",6,14],[{"frame":0.9375},"value",6,15],[{"frame":1},"value",6,16],[{"frame":1.0625},"value",6,17],[{"frame":1.125},"value",6,18],[{"frame":1.1875},"value",6,19],[{"frame":1.25},"value",6,20],[{"frame":1.3125},"value",6,21],[{"frame":1.375},"value",6,22],[{"frame":1.4375},"value",6,23],[{"frame":1.5},"value",6,24],[{"frame":1.5625},"value",6,25],{"frame":1.625,"value":null}],11,11,11,11,11,11,11,11,11,11,11,11,11,11,11,11,11,11,11,11,11,11,11,11,11,11,0]]]]]],0,0,[0,0,0,0,0,0,0,0,0,0,0,0,0,0,0,0,0,0,0,0,0,0,0,0,0,0],[1,1,1,1,1,1,1,1,1,1,1,1,1,1,1,1,1,1,1,1,1,1,1,1,1,1],[28,29,30,31,32,33,34,35,36,37,38,39,40,41,42,43,44,45,46,47,48,49,50,51,52,53]],[[{"name":"sb_vfx_b_screen_18","rect":[875,215,170,148],"offset":[0,12],"originalSize":[320,320],"rotated":1,"capInsets":[0,0,0,0]}],[0],0,[0],[0],[0]],[[{"name":"sb_vfx_b_screen_23","rect":[513,809,168,158],"offset":[-2,6],"originalSize":[320,320],"rotated":1,"capInsets":[0,0,0,0]}],[0],0,[0],[0],[0]],[[{"name":"sb_vfx_b_screen_25","rect":[835,601,156,158],"offset":[-5,4],"originalSize":[320,320],"rotated":1,"capInsets":[0,0,0,0]}],[0],0,[0],[0],[0]],[[{"name":"sb_arrow_grey","rect":[1155,1248,169,173],"offset":[0,0],"originalSize":[169,173],"capInsets":[0,0,0,0]}],[0],0,[0],[0],[1]],[[{"name":"sb_vfx_b_screen_03","rect":[1,1,218,214],"offset":[0,0],"originalSize":[320,320],"capInsets":[0,0,0,0]}],[0],0,[0],[0],[0]],[[{"name":"sb_vfx_b_screen_24","rect":[673,807,164,160],"offset":[-3,5],"originalSize":[320,320],"rotated":1,"capInsets":[0,0,0,0]}],[0],0,[0],[0],[0]],[[{"name":"sb_button_bg_screen","rect":[1499,818,96,96],"offset":[0,0],"originalSize":[96,96],"capInsets":[0,0,0,0]}],[0],0,[0],[0],[2]],[[{"name":"sb_vfx_b_screen_06","rect":[659,1,216,212],"offset":[0,0],"originalSize":[320,320],"capInsets":[0,0,0,0]}],[0],0,[0],[0],[0]],[[{"name":"sb_vfx_b_screen_20","rect":[797,429,170,150],"offset":[0,11],"originalSize":[320,320],"rotated":1,"capInsets":[0,0,0,0]}],[0],0,[0],[0],[0]],[[{"name":"sb_vfx_b_screen_10","rect":[217,429,204,204],"offset":[0,0],"originalSize":[320,320],"capInsets":[0,0,0,0]}],[0],0,[0],[0],[0]],[[{"name":"sb_vfx_a_screen","rect":[1076,635,300,300],"offset":[0,0],"originalSize":[300,300],"capInsets":[0,0,0,0]}],[0],0,[0],[0],[2]],[[{"name":"sb_vfx_b_screen_15","rect":[347,809,172,164],"offset":[0,3],"originalSize":[320,320],"rotated":1,"capInsets":[0,0,0,0]}],[0],0,[0],[0],[0]],[[{"name":"sb_button_02_screen","rect":[1378,635,181,181],"offset":[0,0],"originalSize":[181,181],"capInsets":[0,0,0,0]}],[0],0,[0],[0],[2]]]]