[1,["c5mT/ACE5PbqPn1xXhPYZv","a65D9/E3JPFplFM6tzEbp5","dfhqFdkTlA+q496fJO5vLm","77wmF8BaxDTaHbsxX6YA3r","8f/CaMX1RGyaOnloE62kjI","2c+9AZ7MZO9KcBfrJP4JPs","5ca8D9h8VA66DNFZAmZZhP","51d9NOAs9LrZwMiamafC+t","d8o3rFGzZG55wv47YdpiTX","73jb1IWqROq7/eQsJO5Rtr","5aTuSwi/dKwY0IFuWbc00U","1aLlccIhFNMacbyJtlwyQI","c3Gx7OGNpLj76nAD8JPP6w","aeTRqg8+tHHaBTvaDwnVMP","a3exkHm8BLUr02HGBIsyuK","f1RFI33HVD76Ib6cPA9XCr","dd5fqVmwtOjqcEAoab29a2","b6ZSz/FcpPWL+tgsjQ+TO0","5aIrVwfEdIubcIvS/Ci7eO","c6MWE8FBZHF4B5iplc6mhR","8cDIPbB9VDsahfZDYkhgss","c91q7WgXVGGr0xedehXTbT","a1KRKPOE1Ng5NZIPdEQQzD","0cKRbQmhRAdYYyfIghjfrr","8ag9HDZaFMvqXgB+aIbPgo","bbkMRavIBMuZxYMXP7gHOR","97ehScUYRJqK5jMS6WwegS","b0Bi06fHVO5bG4NpMv4USi","773GJziXxLR414l2oowRpn","47NyFktiNL2ZXVQsA5t8db","2arYvC3ZxP676Oa3FsEtl2","89xF+he21DHpft81RIAgo0","78EqTsvflPAY8vdgnSzxF/","97V/UhfIBOv6EqLgopDwoG","5fJ87Aq5xCfYr8wGJv4SjC","78GoHaunpOfoFUb/fDPiv4","82y+4hzYxB96uOfwt/0r3p","aeyK2Nd1tLYaF14pHIsA1o","deByytNN9J0qiqlzrptnfV","2fcGYDBaxIrJB3BiQiV5Nu","d90mIPm9dImolTahDUnBnB","69NdouphBOqYt//pqAn/nE","3d6UdpJwBGuLBowI8R9InF","2bw6sS/6dDT7gMTGSJR7w5","83XPek8qNNi7YX9SwUCcJL","840sFUmEtBqIudz3RG1mSl","bfHZB0NFBH87iLBrFwe/iQ","ecd4vsJRlBn4feaddySpsS","baQ3bTtBNGe4XE95MgZlXs","cfIa3WUr9A2It4koB0tMgp","44/bYTjflEn6itEZ7gs5vl","26VSCtS0lCjauvMa32kki3","1dBKbp6MpAVrsoYoFc75m5","6brTVTtUVPaqYCS3Mn5ZvN","ffTWuMuB1DU4hzWw2n45CJ","44a3KHS1pHrof0xXC2ZMKM","9fO41taalBA4auiuadwufv","eeIFeUSWhIR6hGFygmaiEW","5cL5H96cpD/J+FeKyBwqjZ","0ds66gFZpAFKAxxmi24jG7","af/tsUzlJLiJl0ZEbRM+3X","34BMY5n2lMLLqxsx9Dwt1a","73/SvitCRDVZihzI8WDWIr","04p5M7n25BzJqd7x8lFlYD","97Ts/oMbBGrqkTNt30vj3D"],["_textureSetter","value","node","_defaultClip","_spriteFrame","root","data","effectItem","vfxEBotAnim","vfxCBotAnim","vfxBBotAnim","vfxABotNode","vfxETopAnim","vfxCTopAnim","vfxBTopAnim","vfxATopNode","botHolder","topHolder","reelTransformSymbolPrefab","vfxDNode","symbolBGSprite","symbolSprite"],["cc.SpriteFrame",["cc.Node",["_name","_opacity","_prefab","_components","_parent","_children","_contentSize","_trs","_color","_anchorPoint"],1,4,9,1,2,5,7,5,5],["cc.Sprite",["_sizeMode","_isTrimmedMode","_dstBlendFactor","_srcBlendFactor","node","_spriteFrame"],-1,1,6],["cc.Animation",["playOnLoad","node","_clips","_defaultClip"],2,1,3,6],["cc.Prefab",["_name"],2],["cc.Node",["_name","_parent","_components","_prefab","_contentSize","_trs"],2,1,12,4,5,7],["cc.Node",["_name","_parent","_components","_prefab","_contentSize"],2,1,2,4,5],["e4f1d8IOlZKJpQ9fHE1Gxx4",["node","effectItem"],3,1,6],["cc.PrefabInfo",["fileId","root"],2,1],["fdcbeRdfcxI4ZGa+5DtZYf7",["node","topHolder","botHolder","vfxATopNode","vfxBTopAnim","vfxCTopAnim","vfxETopAnim","vfxABotNode","vfxBBotAnim","vfxCBotAnim","vfxEBotAnim","reelTransformSymbolPrefab"],3,1,1,1,1,1,1,1,1,1,1,1,6],["cc.AnimationClip",["_name","_duration","sample","wrapMode","curveData"],-1,11],["40bd8YRmyFNQYVTsalM6Ajb",["node","symbolSprite","symbolBGSprite","vfxDNode"],3,1,1,1,1]],[[8,0,1,2],[5,0,1,2,3,4,5,2],[3,1,2,1],[2,2,0,1,4,5,4],[10,0,1,2,3,4,5],[4,0,2],[1,0,5,3,2,2],[1,0,4,5,2,2],[1,0,4,3,2,8,6,9,7,2],[6,0,1,2,3,4,2],[2,3,2,0,1,4,5,5],[2,3,2,0,1,4,5],[2,0,1,4,3],[1,0,3,2,2],[1,0,1,4,3,2,6,7,3],[7,0,1,1],[9,0,1,2,3,4,5,6,7,8,9,10,11,1],[2,2,0,1,4,4],[3,0,1,2,3,2],[11,0,1,2,3,1]],[[[[5,"reel_transform_wild_controller"],[13,"reel_transform_wild_controller",[[15,-2,0]],[0,"48Odldn6BFS5lHB7GduQTL",-1]]],0,[0,5,1,0,2,1,0,6,1,2],[0],[7],[11]],[[{"name":"wild_expend_vfx_b_screen_10","rect":[1,688,90,171],"offset":[0,34],"originalSize":[90,255],"capInsets":[0,0,0,0]}],[0],0,[0],[0],[2]],[[{"name":"wild_vfx_d_add_01","rect":[142,1,139,124],"offset":[0,0],"originalSize":[175,150],"capInsets":[0,0,0,0]}],[0],0,[0],[0],[0]],[[{"name":"wild_expend_vfx_b_screen_06","rect":[1,250,90,239],"offset":[0,-8],"originalSize":[90,255],"capInsets":[0,0,0,0]}],[0],0,[0],[0],[2]],[[[5,"reel_transform_wild_item"],[6,"reel_transform_wild_item",[-13,-14],[[16,-12,-11,-10,-9,-8,-7,-6,-5,-4,-3,-2,12]],[0,"1fUmnTBaxE9KKBDyWOC2qu",-1]],[7,"top_holder",1,[-15,-16,-17,-18],[0,"339HUS21lBPLoAD626uQ/z",1]],[7,"bot_holder",1,[-19,-20,-21,-22],[0,"91mldsfnlLQqx8otJg0O25",1]],[8,"wild_expend_vfx_a_screen_top",2,[[10,1,769,2,false,-23,0]],[0,"eerQ1O7XRK6ZRgnryWVkRp",1],[4,4278190080],[5,100,250],[0,0.5,0],[0,-225,0,0,0,0,1,2,2,1]],[1,"wild_expend_vfx_b_screen_top",2,[[[3,1,2,false,-24,1],-25],4,1],[0,"6c5Bb3TUhH1JSUnOaQqXSP",1],[5,90,255],[0,130,0,0,0,0,1,2,2.75,1]],[1,"wild_expend_vfx_c_screen_top",2,[[[11,1,769,2,false,-26],-27],4,1],[0,"61Qghd5G5KioBHDgsy+vg7",1],[5,979,681],[0,85,0,0,0,0,1,2,2,1]],[1,"wild_vfx_e_add_top",2,[[[3,1,2,false,-28,4],-29],4,1],[0,"89eBP6KmxNT6yqEWYShOkI",1],[5,126,220],[0,110,0,0,0,0,1,1.43,3.43,1]],[8,"wild_expend_vfx_a_screen_bot",3,[[10,1,769,2,false,-30,6]],[0,"fafel5/GFEha0MzkTiasUt",1],[4,4278190080],[5,100,250],[0,0.5,0],[0,225,0,0,0,0,1,2,-2,1]],[1,"wild_expend_vfx_b_screen_bot",3,[[[3,1,2,false,-31,7],-32],4,1],[0,"a5s0T8eIlBvYBu9TIhsi2J",1],[5,90,255],[0,-130,0,0,0,0,1,-2,-2.75,1]],[1,"wild_expend_vfx_c_screen_bot",3,[[[11,1,769,2,false,-33],-34],4,1],[0,"11cU5tdoFHbZwDJ3+JMARE",1],[5,979,681],[0,-85,0,0,0,0,1,-2,-2,1]],[1,"wild_vfx_e_add_bot",3,[[[3,1,2,false,-35,10],-36],4,1],[0,"4cV82LMxRHlpuEqlUGyBLo",1],[5,126,220],[0,-110,0,0,0,0,1,1.43,-3.43,1]],[2,5,[2]],[2,6,[3]],[2,7,[5]],[2,9,[8]],[2,10,[9]],[2,11,[11]]],0,[0,5,1,0,8,17,0,9,16,0,10,15,0,11,8,0,12,14,0,13,13,0,14,12,0,15,4,0,16,3,0,17,2,0,2,1,0,-1,2,0,-2,3,0,-1,4,0,-2,5,0,-3,6,0,-4,7,0,-1,8,0,-2,9,0,-3,10,0,-4,11,0,2,4,0,2,5,0,-2,12,0,2,6,0,-2,13,0,2,7,0,-2,14,0,2,8,0,2,9,0,-2,15,0,2,10,0,-2,16,0,2,11,0,-2,17,0,6,1,36],[0,0,0,0,0,0,0,0,0,0,0,0,0,12,13,14,15,16,17],[4,4,-1,-1,4,-1,4,4,-1,-1,4,-1,18,3,3,3,3,3,3],[9,7,4,5,8,6,9,7,4,5,8,6,12,4,5,6,4,5,6]],[[{"name":"wild_vfx_e_add_14","rect":[863,223,126,220],"offset":[0,0],"originalSize":[126,220],"capInsets":[0,0,0,0]}],[0],0,[0],[0],[1]],[[{"name":"wild_vfx_e_add_13","rect":[641,129,126,220],"offset":[0,0],"originalSize":[126,220],"rotated":1,"capInsets":[0,0,0,0]}],[0],0,[0],[0],[1]],[[{"name":"wild_vfx_d_add_08","rect":[283,253,139,124],"offset":[0,0],"originalSize":[175,150],"capInsets":[0,0,0,0]}],[0],0,[0],[0],[0]],[[{"name":"wild_vfx_e_add_05","rect":[257,1,126,220],"offset":[0,0],"originalSize":[126,220],"capInsets":[0,0,0,0]}],[0],0,[0],[0],[1]],[[[4,"wild_expend_vfx_c_screen",0.75,12,"1",[{},"comps",11,[{},"cc.Sprite",11,[{},"spriteFrame",12,[[[{"frame":0},"value",6,0],[{"frame":0.08333333333333333},"value",6,1],[{"frame":0.16666666666666666},"value",6,2],[{"frame":0.25},"value",6,3],[{"frame":0.3333333333333333},"value",6,4],[{"frame":0.4166666666666667},"value",6,5],[{"frame":0.5},"value",6,6],[{"frame":0.5833333333333334},"value",6,7],[{"frame":0.6666666666666666},"value",6,8]],11,11,11,11,11,11,11,11,11]]]]]],0,0,[0,0,0,0,0,0,0,0,0],[1,1,1,1,1,1,1,1,1],[13,14,15,16,17,18,19,20,21]],[[{"name":"wild_vfx_e_add_01","rect":[1,1,126,220],"offset":[0,0],"originalSize":[126,220],"capInsets":[0,0,0,0]}],[0],0,[0],[0],[1]],[[{"name":"wild_expend_vfx_b_screen_08","rect":[93,1,90,247],"offset":[0,-3],"originalSize":[90,255],"capInsets":[0,0,0,0]}],[0],0,[0],[0],[2]],[[{"name":"wild_vfx_e_add_04","rect":[129,223,126,220],"offset":[0,0],"originalSize":[126,220],"capInsets":[0,0,0,0]}],[0],0,[0],[0],[1]],[[{"name":"wild_expend_vfx_b_screen_02","rect":[93,696,90,109],"offset":[0,-73],"originalSize":[90,255],"capInsets":[0,0,0,0]}],[0],0,[0],[0],[2]],[[{"name":"wild_vfx_e_add_12","rect":[863,1,126,220],"offset":[0,0],"originalSize":[126,220],"capInsets":[0,0,0,0]}],[0],0,[0],[0],[1]],[[{"name":"wild_vfx_d_add_07","rect":[142,253,139,124],"offset":[0,0],"originalSize":[175,150],"capInsets":[0,0,0,0]}],[0],0,[0],[0],[0]],[[{"name":"wild_expend_vfx_b_screen_01","rect":[93,930,90,51],"offset":[0,-101],"originalSize":[90,255],"capInsets":[0,0,0,0]}],[0],0,[0],[0],[2]],[[{"name":"wild_expend_vfx_c_screen_05","rect":[330,455,225,325],"offset":[0,-13],"originalSize":[225,375],"rotated":1,"capInsets":[0,0,0,0]}],[0],0,[0],[0],[3]],[[[4,"wild_vfx_d_add",1,17,"2",[{},"comps",11,[{},"cc.Sprite",11,[{},"spriteFrame",12,[[[{"frame":0},"value",6,0],[{"frame":0.058823529411764705},"value",6,1],[{"frame":0.11764705882352941},"value",6,2],[{"frame":0.17647058823529413},"value",6,3],[{"frame":0.23529411764705882},"value",6,4],[{"frame":0.29411764705882354},"value",6,5],[{"frame":0.35294117647058826},"value",6,6],[{"frame":0.4117647058823529},"value",6,7],[{"frame":0.47058823529411764},"value",6,8],[{"frame":0.5294117647058824},"value",6,9],[{"frame":0.5882352941176471},"value",6,10],[{"frame":0.6470588235294118},"value",6,11],[{"frame":0.7058823529411765},"value",6,12],[{"frame":0.7647058823529411},"value",6,13],[{"frame":0.8235294117647058},"value",6,14],[{"frame":0.8823529411764706},"value",6,15],[{"frame":0.9411764705882353},"value",6,16]],11,11,11,11,11,11,11,11,11,11,11,11,11,11,11,11,11]]]]]],0,0,[0,0,0,0,0,0,0,0,0,0,0,0,0,0,0,0,0],[1,1,1,1,1,1,1,1,1,1,1,1,1,1,1,1,1],[22,23,24,25,26,27,28,29,30,31,32,33,34,35,36,37,38]],[[{"name":"wild_expend_vfx_b_screen_05","rect":[93,250,90,229],"offset":[0,-13],"originalSize":[90,255],"capInsets":[0,0,0,0]}],[0],0,[0],[0],[2]],[[[4,"wild_vfx_e_add",1,16,"1",[{},"comps",11,[{},"cc.Sprite",11,[{},"spriteFrame",12,[[[{"frame":0},"value",6,0],[{"frame":0.0625},"value",6,1],[{"frame":0.125},"value",6,2],[{"frame":0.1875},"value",6,3],[{"frame":0.25},"value",6,4],[{"frame":0.3125},"value",6,5],[{"frame":0.375},"value",6,6],[{"frame":0.4375},"value",6,7],[{"frame":0.5},"value",6,8],[{"frame":0.5625},"value",6,9],[{"frame":0.625},"value",6,10],[{"frame":0.6875},"value",6,11],[{"frame":0.75},"value",6,12],[{"frame":0.8125},"value",6,13],[{"frame":0.875},"value",6,14],[{"frame":0.9375},"value",6,15]],11,11,11,11,11,11,11,11,11,11,11,11,11,11,11,11]]],"props",11,[{"opacity":[{"frame":0,"value":255},{"frame":0.625,"value":255},{"frame":0.9375,"value":0}]},"scale",12,[[[{"frame":0},"value",8,[0,1.43,3.43]],[{"frame":0.9375},"value",8,[0,1.63,3.63]]],11,11]]]]],0,0,[0,0,0,0,0,0,0,0,0,0,0,0,0,0,0,0],[1,1,1,1,1,1,1,1,1,1,1,1,1,1,1,1],[8,39,40,41,42,43,44,45,46,47,48,49,50,51,52,53]],[[{"name":"wild_vfx_d_add_12","rect":[1,505,139,124],"offset":[0,0],"originalSize":[175,150],"capInsets":[0,0,0,0]}],[0],0,[0],[0],[0]],[[{"name":"wild_vfx_e_add_03","rect":[129,1,126,220],"offset":[0,0],"originalSize":[126,220],"capInsets":[0,0,0,0]}],[0],0,[0],[0],[1]],[[{"name":"wild_vfx_e_add_15","rect":[641,257,126,220],"offset":[0,0],"originalSize":[126,220],"rotated":1,"capInsets":[0,0,0,0]}],[0],0,[0],[0],[1]],[[{"name":"wild_expend_vfx_a_screen","rect":[1701,718,100,250],"offset":[0,0],"originalSize":[100,250],"capInsets":[0,0,0,0]}],[0],0,[0],[0],[54]],[[{"name":"wild_expend_vfx_b_screen_09","rect":[93,481,90,213],"offset":[0,15],"originalSize":[90,255],"capInsets":[0,0,0,0]}],[0],0,[0],[0],[2]],[[{"name":"wild_vfx_d_add_06","rect":[1,253,139,124],"offset":[0,0],"originalSize":[175,150],"capInsets":[0,0,0,0]}],[0],0,[0],[0],[0]],[[{"name":"wild_vfx_d_add_10","rect":[142,379,139,124],"offset":[0,0],"originalSize":[175,150],"capInsets":[0,0,0,0]}],[0],0,[0],[0],[0]],[[{"name":"wild_vfx_d_add_13","rect":[142,505,139,124],"offset":[0,0],"originalSize":[175,150],"capInsets":[0,0,0,0]}],[0],0,[0],[0],[0]],[[{"name":"wild_vfx_d_add_14","rect":[283,505,139,124],"offset":[0,0],"originalSize":[175,150],"capInsets":[0,0,0,0]}],[0],0,[0],[0],[0]],[[{"name":"wild_vfx_e_add_06","rect":[257,223,126,220],"offset":[0,0],"originalSize":[126,220],"capInsets":[0,0,0,0]}],[0],0,[0],[0],[1]],[[{"name":"wild_vfx_e_add_07","rect":[385,1,126,220],"offset":[0,0],"originalSize":[126,220],"capInsets":[0,0,0,0]}],[0],0,[0],[0],[1]],[[{"name":"wild_vfx_d_add_09","rect":[1,379,139,124],"offset":[0,0],"originalSize":[175,150],"capInsets":[0,0,0,0]}],[0],0,[0],[0],[0]],[[{"name":"wild_vfx_d_add_02","rect":[283,1,139,124],"offset":[0,0],"originalSize":[175,150],"capInsets":[0,0,0,0]}],[0],0,[0],[0],[0]],[[{"name":"wild_expend_vfx_c_screen_07","rect":[663,228,225,311],"offset":[0,-6],"originalSize":[225,375],"rotated":1,"capInsets":[0,0,0,0]}],[0],0,[0],[0],[3]],[[[4,"wild_expend_vfx_b_screen",0.9166666666666666,12,"1",[{},"comps",11,[{},"cc.Sprite",11,[{},"spriteFrame",12,[[[{"frame":0},"value",6,0],[{"frame":0.08333333333333333},"value",6,1],[{"frame":0.16666666666666666},"value",6,2],[{"frame":0.25},"value",6,3],[{"frame":0.3333333333333333},"value",6,4],[{"frame":0.4166666666666667},"value",6,5],[{"frame":0.5},"value",6,6],[{"frame":0.5833333333333334},"value",6,7],[{"frame":0.6666666666666666},"value",6,8],[{"frame":0.75},"value",6,9],[{"frame":0.8333333333333334},"value",6,10]],11,11,11,11,11,11,11,11,11,11,11]]]]]],0,0,[0,0,0,0,0,0,0,0,0,0,0],[1,1,1,1,1,1,1,1,1,1,1],[7,55,56,57,58,59,60,61,62,63,64]],[[{"name":"wild_expend_vfx_b_screen_11","rect":[93,807,64,121],"offset":[13,60],"originalSize":[90,255],"capInsets":[0,0,0,0]}],[0],0,[0],[0],[2]],[[{"name":"wild_vfx_d_add_11","rect":[283,379,139,124],"offset":[0,0],"originalSize":[175,150],"capInsets":[0,0,0,0]}],[0],0,[0],[0],[0]],[[{"name":"wild_vfx_d_add_04","rect":[142,127,139,124],"offset":[0,0],"originalSize":[175,150],"capInsets":[0,0,0,0]}],[0],0,[0],[0],[0]],[[{"name":"wild_expend_vfx_b_screen_03","rect":[1,861,90,147],"offset":[0,-54],"originalSize":[90,255],"capInsets":[0,0,0,0]}],[0],0,[0],[0],[2]],[[{"name":"wild_vfx_d_add_00","rect":[1,1,139,124],"offset":[0,0],"originalSize":[175,150],"capInsets":[0,0,0,0]}],[0],0,[0],[0],[0]],[[{"name":"wild_expend_vfx_c_screen_01","rect":[617,1,225,335],"offset":[0,-18],"originalSize":[225,375],"rotated":1,"capInsets":[0,0,0,0]}],[0],0,[0],[0],[3]],[[{"name":"wild_expend_vfx_c_screen_00","rect":[282,1,225,333],"offset":[0,-19],"originalSize":[225,375],"rotated":1,"capInsets":[0,0,0,0]}],[0],0,[0],[0],[3]],[[{"name":"wild_vfx_d_add_15","rect":[1,1,139,124],"offset":[0,0],"originalSize":[175,150],"capInsets":[0,0,0,0]}],[0],0,[0],[0],[0]],[[{"name":"wild_expend_vfx_b_screen_07","rect":[1,1,90,247],"offset":[0,-3],"originalSize":[90,255],"capInsets":[0,0,0,0]}],[0],0,[0],[0],[2]],[[{"name":"wild_vfx_d_add_05","rect":[283,127,139,124],"offset":[0,0],"originalSize":[175,150],"capInsets":[0,0,0,0]}],[0],0,[0],[0],[0]],[[{"name":"wild_expend_vfx_c_screen_04","rect":[1,455,225,327],"offset":[0,-13],"originalSize":[225,375],"rotated":1,"capInsets":[0,0,0,0]}],[0],0,[0],[0],[3]],[[{"name":"wild_vfx_e_add_10","rect":[513,223,126,220],"offset":[0,0],"originalSize":[126,220],"capInsets":[0,0,0,0]}],[0],0,[0],[0],[1]],[[{"name":"wild_vfx_d_add_03","rect":[1,127,139,124],"offset":[0,0],"originalSize":[175,150],"capInsets":[0,0,0,0]}],[0],0,[0],[0],[0]],[[{"name":"wild_vfx_e_add_08","rect":[385,223,126,220],"offset":[0,0],"originalSize":[126,220],"capInsets":[0,0,0,0]}],[0],0,[0],[0],[1]],[[[5,"reel_transform_wild_symbol"],[6,"reel_transform_wild_symbol",[-6,-7,-8],[[19,-5,-4,-3,-2]],[0,"d0Dzz8hOtP36EMJ4ApSHDd",-1]],[14,"wild_vfx_d_add",0,1,[[17,1,2,false,-9],[18,true,-10,[1],0]],[0,"39PiHbC2tMlrr9f0aaNdTX",1],[5,175,150],[0,0,0,0,0,0,1,2,2,1]],[9,"symbol_bg",1,[-11],[0,"57auW0BoBDm4K7sW/2984/",1],[5,350,350]],[12,2,false,3],[9,"symbol",1,[-12],[0,"a6q/GVbyhONIBMDjThDw1t",1],[5,350,350]],[12,2,false,5]],0,[0,5,1,0,19,2,0,20,4,0,21,6,0,2,1,0,-1,3,0,-2,5,0,-3,2,0,2,2,0,2,2,0,-1,4,0,-1,6,0,6,1,12],[0,0],[3,-1],[10,10]],[[{"name":"wild_expend_vfx_c_screen_06","rect":[657,455,225,321],"offset":[0,-10],"originalSize":[225,375],"rotated":1,"capInsets":[0,0,0,0]}],[0],0,[0],[0],[3]],[[{"name":"wild_expend_vfx_c_screen_08","rect":[1,1,195,279],"offset":[-7,9],"originalSize":[225,375],"rotated":1,"capInsets":[0,0,0,0]}],[0],0,[0],[0],[3]],[[{"name":"wild_vfx_e_add_11","rect":[641,1,126,220],"offset":[0,0],"originalSize":[126,220],"rotated":1,"capInsets":[0,0,0,0]}],[0],0,[0],[0],[1]],[[{"name":"wild_vfx_e_add_00","rect":[641,385,3,3],"offset":[-61.5,108.5],"originalSize":[126,220],"capInsets":[0,0,0,0]}],[0],0,[0],[0],[1]],[[{"name":"wild_vfx_e_add_02","rect":[1,223,126,220],"offset":[0,0],"originalSize":[126,220],"capInsets":[0,0,0,0]}],[0],0,[0],[0],[1]],[[{"name":"wild_expend_vfx_c_screen_03","rect":[332,228,225,329],"offset":[0,-14],"originalSize":[225,375],"rotated":1,"capInsets":[0,0,0,0]}],[0],0,[0],[0],[3]],[[{"name":"wild_vfx_d_add_16","rect":[1,1,139,124],"offset":[0,0],"originalSize":[175,150],"capInsets":[0,0,0,0]}],[0],0,[0],[0],[0]],[[{"name":"wild_vfx_e_add_09","rect":[513,1,126,220],"offset":[0,0],"originalSize":[126,220],"capInsets":[0,0,0,0]}],[0],0,[0],[0],[1]],[[{"name":"wild_expend_vfx_b_screen_04","rect":[1,491,90,195],"offset":[0,-30],"originalSize":[90,255],"capInsets":[0,0,0,0]}],[0],0,[0],[0],[2]],[[{"name":"wild_expend_vfx_c_screen_02","rect":[1,228,225,329],"offset":[0,-14],"originalSize":[225,375],"rotated":1,"capInsets":[0,0,0,0]}],[0],0,[0],[0],[3]]]]