[1,["86SV21xYtKEIumAMFl/Cs/","55Bb5MJetDQLJW/oN/YiCD","5f/4aD1TBAPqTLEo/bBb6N","36Xtz2astPvIag8b5aIUus","86Lz5x7XlIGoQxMXosBU7X","4d1m81fOBCi71NZVfwzdt8","16T3p0I01GmaSckQU9sVtr","a1KpARyyxPQ7YhRYNsEjAq","3dOt5aEC9BSob3X7LG0+Xb","8b+UiLVi9JBI3I2sNGjDtV","3deiFv6wdKapd2FHjTg5Yb","5999tH2NdLDo5+LGFqCdrE","f3Fp1ENhdEjJApj8f92XXX","428Zn8j29A3r5oU6a7YvCs"],["value","_textureSetter","node","root","data","_spriteFrame"],["cc.SpriteFrame",["cc.AnimationClip",["_name","_duration","sample","wrapMode","curveData"],-1,11],["cc.Prefab",["_name"],2],["cc.Node",["_name","_components","_prefab","_contentSize"],2,9,4,5],["cc.Sprite",["_srcBlendFactor","_dstBlendFactor","_sizeMode","_isTrimmedMode","node","_spriteFrame"],-1,1,6],["cc.Animation",["node","_clips"],3,1,3],["cc.PrefabInfo",["fileId","root"],2,1]],[[1,0,1,2,3,4,5],[2,0,2],[3,0,1,2,3,2],[4,0,1,2,3,4,5,5],[5,0,1,1],[6,0,1,2]],[[[[0,"blue_coin",0.5,10,"2",[{},"comps",11,[{},"cc.Sprite",11,[{},"spriteFrame",12,[[[{"frame":0},"value",6,0],[{"frame":0.1},"value",6,1],[{"frame":0.2},"value",6,2],[{"frame":0.3},"value",6,3],[{"frame":0.4},"value",6,4]],11,11,11,11,11]]]]]],0,0,[0,0,0,0,0],[0,0,0,0,0],[1,2,3,4,5]],[[{"name":"blue_coin_screen]_02","rect":[1,783,210,382],"offset":[-7,1],"originalSize":[390,390],"rotated":1,"capInsets":[0,0,0,0]}],[0],0,[0],[1],[0]],[[{"name":"blue_coin_screen]_04","rect":[1,1,312,390],"offset":[-5,0],"originalSize":[390,390],"capInsets":[0,0,0,0]}],[0],0,[0],[1],[0]],[[{"name":"blue_coin_screen]_00","rect":[1,393,366,388],"offset":[0,1],"originalSize":[390,390],"capInsets":[0,0,0,0]}],[0],0,[0],[1],[0]],[[{"name":"blue_coin_screen]_01","rect":[315,1,282,388],"offset":[-3,1],"originalSize":[390,390],"capInsets":[0,0,0,0]}],[0],0,[0],[1],[0]],[[{"name":"blue_coin_screen]_03","rect":[369,391,248,386],"offset":[-9,1],"originalSize":[390,390],"capInsets":[0,0,0,0]}],[0],0,[0],[1],[0]],[[[1,"bw_coin"],[2,"bw_coin",[[3,1,769,2,false,-2,0],[4,-3,[1,2]]],[5,"45duhdUDlNdqcJROz7PKwK",-1],[5,390,390]]],0,[0,3,1,0,2,1,0,2,1,0,4,1,3],[0,0,0],[5,-1,-2],[1,6,7]],[[[0,"gold_coin",0.6,10,"2",[{},"comps",11,[{},"cc.Sprite",11,[{},"spriteFrame",12,[[[{"frame":0},"value",6,0],[{"frame":0.1},"value",6,1],[{"frame":0.2},"value",6,2],[{"frame":0.3},"value",6,3],[{"frame":0.4},"value",6,4],[{"frame":0.5},"value",6,5]],11,11,11,11,11,11]]]]]],0,0,[0,0,0,0,0,0],[0,0,0,0,0,0],[8,9,10,11,12,13]]]]