[1,["d6iqYWs99LqKId1pxX4JMZ","79eYyVYy5Cp5DhfmZFlgZI","dbE5C/nbdJhZrQtlDCOUJc","99GZ+Qlf1OGKY2a+RH9jh6","9cJ8TtPM5JNpgBx3CRCmBj","98SGU62PtO6I2HqFmuYO5B","4eq+NIW+hFi6FSvPLsYwd1","b0SffB/c1BvKdmDq2Wg6LF","d3wFemf7hHr6TOR4FAsOJk","02WHp5usJHkaWn0h6afhnq","3fuAXEHudPuo5rTcYKNmXF","daGtuL9SZM45kdKN960rBA","a4eIQBeH9PEINvrJfgQ5kc","a1kbsD62BCBoUzUqKxAwDi","03qkT8oR5DB7qZ+iSBQwJm","d49txcs8FCTZdgQsLOUgp/","3fkpVkoPxCxIHVyE5nqZTz","23rYokPUJGGZei6P/KGz8w","fap4mVLrFIZ576Dn03guDR","dcpfcnVbdHh61qmgHJ9/XF","50qcjeT/ZKA4OItl6evhin","3aqrfxi5tAs6umy7hU7C1u","f5OUYvcSlAUpLZ+gIEGfo6","2469TdghdKDo2EWu8UwnrA","d7k67MKPdL+5BYlf70jZDf","66GudZSmdJb54Bh0Rs3Otd","8a0M+n+4pOhJnPlfagQvuB","b2B0YOz+9Co5JRk+wh8XU/","70HtKvVF9KBrhD/KZ+yPSl","3eLHRGKRtOfq1duqp9/7c5","d8hW2c3UxP+I3w0gEK/Q9C","ba5CMCZwBJdoj6CvqQWO13","3eBro3PDlNJJhpGEWNmoV8","9fRIOwvXlNJKn5W5ysitio","69ZpZrDoxHTJC22rlAkmB6","39xe2Nq0VN37mmP8AQh72S","8dKKno+kBLG7Ozz2RS0vsG","6fLs+/bmJMAJQhCumD81VH","d0ZAHCM4RLSpQ96iYM2XZh","06lf2jCw1Nu7B/ONjoRtZ3","b5ghgl28pIOoXq8D2nmyNO","7d5BC1LJZB8pQyWRK2Exxj","6eKG6gz71DHqI7nA3I0W8U","97ctASHspK85khx0jfi+25","ebGAqlIVVLL6Jcv178GPUy","337WRzsRBHc6nLSKvXrYXS","3fQtf0ZbpJm7BRC9cl1ZAE","09449MVqJH94pqeazluAab","5b2D6dPB1Ahorpqg9Gh3ss","31O5pExfVBooWRmZv3xkda","3f23xFlzpKqL5S4PJyR0Li","94/OhlzpxP662zAnCVedSL","92mMq5X0hFjrCRNpHMFRnJ","14wBpnn6ZPnqc2Qw75Y7gP","4aH7UuDBhHY4cQmQBuTJBW","7718vFhZpH8o1HWdrNxY8F","62qDcwpVhKjZCbv7rOPSEi","94fjNm/kJE0LkMkRK5dI6q","4bf5ofxKlE/rHvrze6Ei2+","bdmTv9u0lHCrEbB+5QL/5p","65KSaKl1pIQIs5GqJp+xV3","00DgRQZiJIkJWwHRzx2k9d","2a63WncFBKIpfuw/AQlxIc"],["_textureSetter","value","node","_spriteFrame","_defaultClip","root","data"],["cc.SpriteFrame",["cc.Node",["_name","_prefab","_parent","_children","_contentSize","_trs","_components","_anchorPoint"],2,4,1,2,5,7,9,5],["cc.Sprite",["_sizeMode","_isTrimmedMode","_srcBlendFactor","_dstBlendFactor","node","_spriteFrame"],-1,1,6],["cc.AnimationClip",["_name","_duration","sample","wrapMode","curveData"],-1,11],["cc.Prefab",["_name"],2],["cc.PrefabInfo",["fileId","root"],2,1],["cc.Animation",["playOnLoad","node","_clips","_defaultClip"],2,1,3,6]],[[5,0,1,2],[1,0,2,6,1,4,5,2],[2,0,1,4,5,3],[6,0,1,2,3,2],[3,0,1,2,3,4,5],[1,0,2,6,1,4,7,5,2],[2,2,3,0,1,4,5,5],[2,2,3,0,1,4,5],[4,0,2],[1,0,3,1,4,2],[1,0,2,3,1,2],[1,0,2,3,1,5,2]],[[[{"name":"main_ambient_vfx_a_screen_22","rect":[1,613,372,52],"offset":[0,-19],"originalSize":[432,120],"capInsets":[0,0,0,0]}],[0],0,[0],[0],[0]],[[{"name":"main_ambient_vfx_b_screen_01","rect":[869,1,432,192],"offset":[0,0],"originalSize":[432,192],"capInsets":[0,0,0,0]}],[0],0,[0],[0],[1]],[[{"name":"main_ambient_vfx_b_screen_06","rect":[435,195,366,192],"offset":[33,0],"originalSize":[432,192],"capInsets":[0,0,0,0]}],[0],0,[0],[0],[1]],[[{"name":"main_ambient_vfx_a_screen_00","rect":[371,675,102,72],"offset":[-1,-5],"originalSize":[432,120],"capInsets":[0,0,0,0]}],[0],0,[0],[0],[0]],[[{"name":"main_ambient_vfx_a_screen_08","rect":[1,1053,278,82],"offset":[0,-8],"originalSize":[432,120],"capInsets":[0,0,0,0]}],[0],0,[0],[0],[0]],[[{"name":"main_ambient_vfx_a_screen_14","rect":[1,269,380,80],"offset":[1,-8],"originalSize":[432,120],"capInsets":[0,0,0,0]}],[0],0,[0],[0],[0]],[[{"name":"main_ambient_vfx_b_screen_09","rect":[1585,357,418,192],"offset":[7,0],"originalSize":[432,192],"capInsets":[0,0,0,0]}],[0],0,[0],[0],[1]],[[{"name":"main_ambient_vfx_b_screen_15","rect":[435,583,432,192],"offset":[0,0],"originalSize":[432,192],"capInsets":[0,0,0,0]}],[0],0,[0],[0],[1]],[[{"name":"main_ambient_vfx_a_screen_23","rect":[253,749,106,22],"offset":[-98,-33],"originalSize":[432,120],"rotated":1,"capInsets":[0,0,0,0]}],[0],0,[0],[0],[0]],[[{"name":"main_ambient_vfx_a_screen_10","rect":[383,349,324,82],"offset":[-1,-8],"originalSize":[432,120],"rotated":1,"capInsets":[0,0,0,0]}],[0],0,[0],[0],[0]],[[{"name":"main_ambient_vfx_a_screen_06","rect":[375,831,234,82],"offset":[-1,-7],"originalSize":[432,120],"rotated":1,"capInsets":[0,0,0,0]}],[0],0,[0],[0],[0]],[[{"name":"main_bottom","rect":[1,1,756,673],"offset":[0,0],"originalSize":[756,673],"capInsets":[0,0,0,0]}],[0],0,[0],[0],[3]],[[{"name":"main_ambient_vfx_b_screen_13","rect":[1303,551,432,192],"offset":[0,0],"originalSize":[432,192],"capInsets":[0,0,0,0]}],[0],0,[0],[0],[1]],[[{"name":"main_top","rect":[1,676,756,258],"offset":[0,0],"originalSize":[756,258],"capInsets":[0,0,0,0]}],[0],0,[0],[0],[3]],[[{"name":"main_ambient_vfx_b_screen_21","rect":[1737,551,432,192],"offset":[0,0],"originalSize":[432,192],"rotated":1,"capInsets":[0,0,0,0]}],[0],0,[0],[0],[1]],[[{"name":"main_ambient_vfx_a_screen_07","rect":[291,831,254,82],"offset":[0,-8],"originalSize":[432,120],"rotated":1,"capInsets":[0,0,0,0]}],[0],0,[0],[0],[0]],[[{"name":"main_ambient_vfx_b_screen_08","rect":[1185,195,398,192],"offset":[17,0],"originalSize":[432,192],"capInsets":[0,0,0,0]}],[0],0,[0],[0],[1]],[[{"name":"main_ambient_vfx_b_screen_02","rect":[1,1,432,178],"offset":[0,-7],"originalSize":[432,192],"capInsets":[0,0,0,0]}],[0],0,[0],[0],[1]],[[{"name":"main_ambient_vfx_a_screen_11","rect":[385,1,346,82],"offset":[-1,-8],"originalSize":[432,120],"rotated":1,"capInsets":[0,0,0,0]}],[0],0,[0],[0],[0]],[[{"name":"main_ambient_vfx_a_screen_15","rect":[1,1,382,80],"offset":[1,-8],"originalSize":[432,120],"capInsets":[0,0,0,0]}],[0],0,[0],[0],[0]],[[{"name":"main_ambient_vfx_a_screen_19","rect":[1,351,380,60],"offset":[2,-16],"originalSize":[432,120],"capInsets":[0,0,0,0]}],[0],0,[0],[0],[0]],[[[4,"main_ambient_vfx_b",2,12,"2",[{},"comps",11,[{},"cc.Sprite",11,[{},"spriteFrame",12,[[[{"frame":0},"value",6,0],[{"frame":0.08333333333333333},"value",6,1],[{"frame":0.16666666666666666},"value",6,2],[{"frame":0.25},"value",6,3],[{"frame":0.3333333333333333},"value",6,4],[{"frame":0.4166666666666667},"value",6,5],[{"frame":0.5},"value",6,6],[{"frame":0.5833333333333334},"value",6,7],[{"frame":0.6666666666666666},"value",6,8],[{"frame":0.75},"value",6,9],[{"frame":0.8333333333333334},"value",6,10],[{"frame":0.9166666666666666},"value",6,11],[{"frame":1},"value",6,12],[{"frame":1.0833333333333333},"value",6,13],[{"frame":1.1666666666666667},"value",6,14],[{"frame":1.25},"value",6,15],[{"frame":1.3333333333333333},"value",6,16],[{"frame":1.4166666666666667},"value",6,17],[{"frame":1.5},"value",6,18],[{"frame":1.5833333333333333},"value",6,19],[{"frame":1.6666666666666667},"value",6,20],[{"frame":1.75},"value",6,21],[{"frame":1.8333333333333333},"value",6,22],[{"frame":1.9166666666666667},"value",6,23]],11,11,11,11,11,11,11,11,11,11,11,11,11,11,11,11,11,11,11,11,11,11,11,11]]]]]],0,0,[0,0,0,0,0,0,0,0,0,0,0,0,0,0,0,0,0,0,0,0,0,0,0,0],[1,1,1,1,1,1,1,1,1,1,1,1,1,1,1,1,1,1,1,1,1,1,1,1],[5,9,10,11,12,13,14,15,16,17,18,19,20,21,22,23,24,25,26,27,28,29,30,31]],[[{"name":"main_ambient_vfx_b_screen_12","rect":[869,389,432,192],"offset":[0,0],"originalSize":[432,192],"capInsets":[0,0,0,0]}],[0],0,[0],[0],[1]],[[{"name":"main_ambient_vfx_a_screen_09","rect":[1,749,302,82],"offset":[-1,-8],"originalSize":[432,120],"rotated":1,"capInsets":[0,0,0,0]}],[0],0,[0],[0],[0]],[[{"name":"main_ambient_vfx_a_screen_17","rect":[1,145,382,60],"offset":[1,-17],"originalSize":[432,120],"capInsets":[0,0,0,0]}],[0],0,[0],[0],[0]],[[{"name":"main_ambient_vfx_a_screen_21","rect":[1,555,378,56],"offset":[2,-17],"originalSize":[432,120],"capInsets":[0,0,0,0]}],[0],0,[0],[0],[0]],[[{"name":"main_ambient_vfx_b_screen_17","rect":[1303,745,432,192],"offset":[0,0],"originalSize":[432,192],"capInsets":[0,0,0,0]}],[0],0,[0],[0],[1]],[[{"name":"main_top_02","rect":[1,1873,540,69],"offset":[0,0],"originalSize":[540,69],"capInsets":[0,0,0,0]}],[0],0,[0],[0],[4]],[[{"name":"main_ambient_vfx_a_screen_03","rect":[85,749,166,78],"offset":[0,-5],"originalSize":[432,120],"capInsets":[0,0,0,0]}],[0],0,[0],[0],[0]],[[{"name":"main_reel","rect":[759,1,756,632],"offset":[0,0],"originalSize":[756,632],"capInsets":[0,0,0,0]}],[0],0,[0],[0],[3]],[[{"name":"main_ambient_vfx_b_screen_20","rect":[869,777,432,192],"offset":[0,0],"originalSize":[432,192],"capInsets":[0,0,0,0]}],[0],0,[0],[0],[1]],[[{"name":"main_ambient_vfx_a_screen_16","rect":[1,83,382,60],"offset":[1,-17],"originalSize":[432,120],"capInsets":[0,0,0,0]}],[0],0,[0],[0],[0]],[[{"name":"main_ambient_vfx_a_screen_02","rect":[167,829,144,76],"offset":[0,-5],"originalSize":[432,120],"rotated":1,"capInsets":[0,0,0,0]}],[0],0,[0],[0],[0]],[[[8,"main_background_controller"],[9,"main_background_controller",[-2],[0,"c0gKhMuoNEFImpVzFKRe6c",-1],[5,1080,2340]],[10,"normal_ui",1,[-3,-4,-5,-6,-7,-8,-9,-10,-11,-12,-13],[0,"a8Nl/te7FLS7G2sfq7iw4S",1]],[1,"bw_vfx_h_screen",2,[[6,1,769,2,false,-14,1],[3,true,-15,[3],2]],[0,"abMLEK+U5J6aH0m9ebbFEE",1],[5,432,200],[-95,834,0,0,0,0,1,3.06,3.06,1]],[1,"main_ambient_vfx_b_screen",2,[[6,1,769,2,false,-16,6],[3,true,-17,[8],7]],[0,"57rZ75G7NBN6HIvLnH71ZZ",1],[5,432,192],[-1,-448,0,0,0,0,1,2.5,2.5,1]],[1,"bw_vfx_h_screen",2,[[7,1,769,2,false,-18],[3,true,-19,[10],9]],[0,"8eq8AZ059E+pddBbKiuxeW",1],[5,432,200],[-148,-1201,0,0,0,0,1,3.06,3.06,1]],[1,"main_ambient_vfx_a_screen",2,[[7,1,769,2,false,-20],[3,true,-21,[14],13]],[0,"c4gVkOgCNLN5aKs/bc2FPU",1],[5,432,120],[0,-395,0,0,0,0,1,2.5,2.5,1]],[11,"main_reel_frame_holder",2,[-22,-23],[0,"30t1yNludE9pSnu9S+H41l",1],[0,350,0,0,0,0,1,1,1,1]],[1,"main_top",2,[[2,2,false,-24,0]],[0,"cf1LT7SjpMM6hk/OZW33lW",1],[5,756,260],[0,980,0,0,0,0,1,1.428,1.428,1]],[1,"main_top_02",2,[[2,2,false,-25,4]],[0,"98LXalgzVNP5Cl1vIwTobe",1],[5,540,69],[0,870,0,0,0,0,1,2,2,1]],[1,"main_bottom",2,[[2,2,false,-26,5]],[0,"feKw54o4dBPK8dn2otlqrK",1],[5,756,673],[0,-713,0,0,0,0,1,1.428,1.428,1]],[1,"main_bottom_02",2,[[2,2,false,-27,11]],[0,"cdZ1gHMIpMjpn6lLQYJKgP",1],[5,756,207],[0,-770,0,0,0,0,1,1.43,1.43,1]],[1,"main_reel",2,[[2,2,false,-28,12]],[0,"91dwsLtzxM/5E9Nu/C+1u8",1],[5,756,632],[0,350,0,0,0,0,1,1.428,1.428,1]],[1,"info_board_bg",2,[[2,2,false,-29,15]],[0,"05L4rEdHtAi4kmSx+XUMCr",1],[5,756,129],[0,-194,0,0,0,0,1,1.43,1.43,1]],[5,"main_reel_frame_top",7,[[2,2,false,-30,16]],[0,"07Gjd8aQVDp5ML6D+bGtO0",1],[5,540,226],[0,0.5,1],[0,0,0,0,0,0,1,2,-2,1]],[5,"main_reel_frame_btm",7,[[2,2,false,-31,17]],[0,"8ceJORhqFNFp0PCqcEIg4X",1],[5,540,226],[0,0.5,1],[0,0,0,0,0,0,1,2,2,1]]],0,[0,5,1,0,-1,2,0,-1,8,0,-2,3,0,-3,9,0,-4,10,0,-5,4,0,-6,5,0,-7,11,0,-8,12,0,-9,6,0,-10,13,0,-11,7,0,2,3,0,2,3,0,2,4,0,2,4,0,2,5,0,2,5,0,2,6,0,2,6,0,-1,14,0,-2,15,0,2,8,0,2,9,0,2,10,0,2,11,0,2,12,0,2,13,0,2,14,0,2,15,0,6,1,31],[0,0,0,0,0,0,0,0,0,0,0,0,0,0,0,0,0,0],[3,3,4,-1,3,3,3,4,-1,4,-1,3,3,4,-1,3,3,3],[32,33,2,2,34,35,5,6,6,2,2,36,37,7,7,38,8,8]],[[{"name":"main_ambient_vfx_b_screen_18","rect":[1,763,432,192],"offset":[0,0],"originalSize":[432,192],"capInsets":[0,0,0,0]}],[0],0,[0],[0],[1]],[[{"name":"main_bottom_02","rect":[683,1584,756,211],"offset":[0,0],"originalSize":[756,211],"capInsets":[0,0,0,0]}],[0],0,[0],[0],[4]],[[{"name":"main_ambient_vfx_a_screen_13","rect":[1,473,378,80],"offset":[0,-8],"originalSize":[432,120],"capInsets":[0,0,0,0]}],[0],0,[0],[0],[0]],[[{"name":"main_ambient_vfx_a_screen_18","rect":[1,207,382,60],"offset":[1,-16],"originalSize":[432,120],"capInsets":[0,0,0,0]}],[0],0,[0],[0],[0]],[[{"name":"main_ambient_vfx_a_screen_12","rect":[1,667,368,80],"offset":[-1,-8],"originalSize":[432,120],"capInsets":[0,0,0,0]}],[0],0,[0],[0],[0]],[[{"name":"main_ambient_vfx_a_screen_04","rect":[281,749,188,80],"offset":[0,-6],"originalSize":[432,120],"capInsets":[0,0,0,0]}],[0],0,[0],[0],[0]],[[{"name":"main_ambient_vfx_b_screen_00","rect":[435,1,432,192],"offset":[0,0],"originalSize":[432,192],"capInsets":[0,0,0,0]}],[0],0,[0],[0],[1]],[[{"name":"main_ambient_vfx_b_screen_05","rect":[1737,1,354,192],"offset":[39,0],"originalSize":[432,192],"rotated":1,"capInsets":[0,0,0,0]}],[0],0,[0],[0],[1]],[[{"name":"main_ambient_vfx_b_screen_04","rect":[1,181,432,192],"offset":[0,0],"originalSize":[432,192],"capInsets":[0,0,0,0]}],[0],0,[0],[0],[1]],[[[4,"main_ambient_vfx_a",2,12,"2",[{},"comps",11,[{},"cc.Sprite",11,[{},"spriteFrame",12,[[[{"frame":0},"value",6,0],[{"frame":0.08333333333333333},"value",6,1],[{"frame":0.16666666666666666},"value",6,2],[{"frame":0.25},"value",6,3],[{"frame":0.3333333333333333},"value",6,4],[{"frame":0.4166666666666667},"value",6,5],[{"frame":0.5},"value",6,6],[{"frame":0.5833333333333334},"value",6,7],[{"frame":0.6666666666666666},"value",6,8],[{"frame":0.75},"value",6,9],[{"frame":0.8333333333333334},"value",6,10],[{"frame":0.9166666666666666},"value",6,11],[{"frame":1},"value",6,12],[{"frame":1.0833333333333333},"value",6,13],[{"frame":1.1666666666666667},"value",6,14],[{"frame":1.25},"value",6,15],[{"frame":1.3333333333333333},"value",6,16],[{"frame":1.4166666666666667},"value",6,17],[{"frame":1.5},"value",6,18],[{"frame":1.5833333333333333},"value",6,19],[{"frame":1.6666666666666667},"value",6,20],[{"frame":1.75},"value",6,21],[{"frame":1.8333333333333333},"value",6,22],[{"frame":1.9166666666666667},"value",6,23]],11,11,11,11,11,11,11,11,11,11,11,11,11,11,11,11,11,11,11,11,11,11,11,11]]]]]],0,0,[0,0,0,0,0,0,0,0,0,0,0,0,0,0,0,0,0,0,0,0,0,0,0,0],[1,1,1,1,1,1,1,1,1,1,1,1,1,1,1,1,1,1,1,1,1,1,1,1],[39,40,41,42,43,44,45,46,47,48,49,50,51,52,53,54,55,56,57,58,59,60,61,62]],[[{"name":"main_ambient_vfx_b_screen_19","rect":[435,777,432,192],"offset":[0,0],"originalSize":[432,192],"capInsets":[0,0,0,0]}],[0],0,[0],[0],[1]],[[{"name":"main_ambient_vfx_a_screen_01","rect":[167,975,122,74],"offset":[0,-5],"originalSize":[432,120],"capInsets":[0,0,0,0]}],[0],0,[0],[0],[0]],[[{"name":"main_ambient_vfx_b_screen_23","rect":[1,957,432,192],"offset":[0,0],"originalSize":[432,192],"capInsets":[0,0,0,0]}],[0],0,[0],[0],[1]],[[{"name":"main_ambient_vfx_a_screen_20","rect":[1,413,380,58],"offset":[2,-17],"originalSize":[432,120],"capInsets":[0,0,0,0]}],[0],0,[0],[0],[0]],[[{"name":"info_board_bg","rect":[683,1797,756,129],"offset":[0,0],"originalSize":[756,129],"capInsets":[0,0,0,0]}],[0],0,[0],[0],[4]],[[{"name":"main_ambient_vfx_b_screen_07","rect":[803,195,380,192],"offset":[26,0],"originalSize":[432,192],"capInsets":[0,0,0,0]}],[0],0,[0],[0],[1]],[[{"name":"main_ambient_vfx_b_screen_16","rect":[869,583,432,192],"offset":[0,0],"originalSize":[432,192],"capInsets":[0,0,0,0]}],[0],0,[0],[0],[1]],[[{"name":"main_ambient_vfx_b_screen_22","rect":[1303,939,432,192],"offset":[0,0],"originalSize":[432,192],"capInsets":[0,0,0,0]}],[0],0,[0],[0],[1]],[[{"name":"main_ambient_vfx_b_screen_03","rect":[1303,1,432,192],"offset":[0,0],"originalSize":[432,192],"capInsets":[0,0,0,0]}],[0],0,[0],[0],[1]],[[{"name":"main_ambient_vfx_b_screen_11","rect":[435,389,432,192],"offset":[0,0],"originalSize":[432,192],"capInsets":[0,0,0,0]}],[0],0,[0],[0],[1]],[[{"name":"main_ambient_vfx_a_screen_05","rect":[85,831,210,80],"offset":[-1,-7],"originalSize":[432,120],"rotated":1,"capInsets":[0,0,0,0]}],[0],0,[0],[0],[0]],[[{"name":"main_ambient_vfx_b_screen_14","rect":[1,569,432,192],"offset":[0,0],"originalSize":[432,192],"capInsets":[0,0,0,0]}],[0],0,[0],[0],[1]],[[{"name":"main_ambient_vfx_b_screen_10","rect":[1,375,432,192],"offset":[0,0],"originalSize":[432,192],"capInsets":[0,0,0,0]}],[0],0,[0],[0],[1]]]]