[1,["1aY5XimF9LorKnFxwWPyfn","a2MjXRFdtLlYQ5ouAFv/+R","9eRncWvxxEbYojm+e+Cuo/","a22OuDifdB+ZW5XGIDLIZf","97gvYd5a5NdL/tF1bYsFI2","efGkI2KApAdpwTi/rR1NeO","aafM+9buNFhotloDZ/OWrC","cfjbox1KhH1ogLS/IdWECm","36zHQZkXBNf5xV51ImQ/Ml","3dybckRCFHJKSvYpccib97","0cBHZSWnlLqrzsk6twTj3W","7dBe7ohdxGBYQtsWiqQFYH","dcHIWb6XBFrJtvAR8v6Ks1","532wD9XltOmLI+5omV5hM6","422ImogFlEsrB2tIHO7rwp","f37oEDPINHIrkjqzQBzTbx","b8Z8Qg1gFMf4J/im52NfOF","73MsZXHZ5F4am38A4pNpdb","b9aHKvbpZOG4DQfv+TWzbO","39ZTqrFYtE8oaDKqPxDsqV","7fZu6rkjlDV5YnaPE8uMoQ","98DOytH41IFZ5Te+6+45rO","55VNzxt3dGjZGEFhpz1hDg","d9YQvd44NAaLPUdss6BeDb","5eBLpR4/ROh7VzDWmtuQjX","f5/l1dKnZCjrKDtQad/0wX","68348UDrxIUY83AaQ8XHcR","56lSdIzP9A3a1uGcVhRAsm","839+zODtxLareZJEOXrbjP","10SEPGUgtBKanWWvopNrgp","faBXXMJsFPlImBvra7k4zD","3d6Pg4+fJPK5RpJyUqfxPJ","03w3avlHhHr5U4A9pOvnCS","5dLCvIZd5MBrx0j6qNdf9X","f1flj/qxJK5pueTdt4UDCm","cclTvR419PdoeI8Z+Jwdzi","cd41q7tLBDZYe/xNM/9u0y","dazcuTmXlD/6L14PTDmsvb","789gyyu9xGZZoZgmXtvHxk","abOmx/1lxHeais0AzavNn9","2egruC0tFD3oyJM4yXLMch","2fBsyuGuBNnJ2+XxFvzIhm","dfMRbaiSZGJ6QsH8L2Z/gP","02QvnSJhlFhKr0gW98rBPd","2b+vgTfiFDa6YP8dZ2sgVJ","04Inbq+yBLJ6hKEoiiOHRq","f4a2UAlvhC/ZgC5goCNz7N","01IYjwmqhPY4CWh3f0Y8Bl","7d8BCtGJRKp49tDCQZaPbd","eeRsFAteZC/buit0lU8utD","06Z683n2FC0I7pEfN48slb","47D8xQGWtD+ZHPdFYcBu/Z","52inm+zBhJVI7nj9HoqqZz","03Qzm1VdVKGbxNNfIvizWB","62IZqR5M5Eq5Kfl1lRYvt5","acfig8vYtAjqeHnJezp/Ov","11fMLgJJ9DKLipDRBu8U9z","641w67RCtBUKr3GiipzABy","590buQqb1EgJmL9Uk3ElrI","56bWDyuMpNBqU1Q1li//RE","98gk/2RDVAub8SmLEU4b7r","66AttJyzZMGaWXRZseXVI8","174/WGLfRO+L+Q4BJrWZY8","88JYta7v9HkZp9gzgv3nkc","a6ouPExTBHGr8Qucwz8awJ","01fJfh8eZNdr2NI7zzrmae","7cXOOYtjlJgpFBbDfSAtC3","20JxrZjOhN6YZe7EuW7+3G","2dI2qbPphCaYqZ6e4J7ql0","1fquq3/tNPSLRPg/F4ylRR","31z772hVVHcZBenpJUICfz","95X6bQfvBKnaroiB2BjlYx","21H/sypZtDyas2ZHvSRzn3","ebiECS+M9P6YF1Nzj/WNzh","6fNHH48HBO7p7dii6b/vXR","384TlSPqtHQJtIPNogjEzN","ecfzDB5glEbqnpPe5Nn3Rz","4aOVCmX2tNFbba9K6MI+CX","fbqNleez5CjrQtG4I7/rwy","d3euf5OKdKmr1JbSnlEV2q","f8T8eOUjFGp67qdpnPKd/v","9204Xud7BDeqDNTy+wv2Sy","8bnikNJn9LkYK+/0gYekAD","38Gg9BuZNAFq3XABr9kZfR","bc8LUxCzdGj6pZ7CHfVzsu","b38joN/HxI7ZrYfLBC5sFT","cewrro9rVDQqmLe8Kv3KrF","feg1ixmoRMTIjfW3INjszZ","6cvm4GOqpJZIJKkDWvKBY0","a46nQvMDhAWI5w8IhvHOd6"],["_textureSetter","node","_parent","_spriteFrame","reelTransformWildSymbolHolder","reelTransformTintHolder","winEffectHolder","slowDropTintHolder","slowDropHolder","fastSpinHolder","flyMultiplierHolder","wildHolder","reelTransformWildHolder","scatterFrontHolder","scatterHolder","featureBuyMessageHolder","totalWinHolder","bonusLoadingHolder","symbolPopOutTintHolder","symbolPopOutHolder","blackTintHolder","infoboardHolder","featureBuyHolder","spinButtonHolder","multiplierHolder","freeSpinCountHolder","getFreeSpinHolder","bigWinHolder","slotHolder","backgroundHolder","wayWinHolder","foregroundHolder","uiFooterHolder","clickEffectHolder","settingMenuFooterHolder","settingMenuHolder","tempControllerHolder","clickAreaNode","scene"],["cc.SpriteFrame",["cc.Node",["_name","_id","_parent","_components","_contentSize","_trs","_color","_children"],1,1,9,5,7,5,12],["cc.Node",["_name","_opacity","_parent","_children","_trs"],1,1,2,7],["cc.SceneAsset",["_name","asyncLoadAssets"],1],["2984azOeCBAi6FKYCNbDKKd",["node","normalSymbolSpriteFrames","blurSymbolSpriteFrames","normalBlockSpriteFrames","blurBlockSpriteFrames","silverFrameSpriteFrame","goldFrameSpriteFrame","silverBlurFrameSpriteFrame","goldBlurFrameSpriteFrame"],3,1,9,9,9,9,3,3,3,3],["SpriteFrameArray",["spriteFrame"],2],["SpriteFrameArray",["spriteFrame"],3,3],["cc.Canvas",["_fitWidth","_fitHeight","node","_designResolution"],1,1,5],["9f8daGI7IFEqak9oq5v5tCy",["node","clickAreaNode","sceneNode"],3,1,1,4],["SceneNodeBundle",["tempControllerHolder","settingMenuHolder","settingMenuFooterHolder","clickEffectHolder","uiFooterHolder","foregroundHolder","wayWinHolder","backgroundHolder","slotHolder","bigWinHolder","getFreeSpinHolder","freeSpinCountHolder","multiplierHolder","spinButtonHolder","featureBuyHolder","infoboardHolder","blackTintHolder","symbolPopOutHolder","symbolPopOutTintHolder","bonusLoadingHolder","totalWinHolder","featureBuyMessageHolder","scatterHolder","scatterFrontHolder","reelTransformWildHolder","wildHolder","flyMultiplierHolder","fastSpinHolder","slowDropHolder","slowDropTintHolder","winEffectHolder","reelTransformTintHolder","reelTransformWildSymbolHolder"],3,1,1,1,1,1,1,1,1,1,1,1,1,1,1,1,1,1,1,1,1,1,1,1,1,1,1,1,1,1,1,1,1,1],["c8d63A86DVMpLZmvb4YCudQ",["node"],3,1],["cc.Widget",["_alignFlags","node"],2,1],["cc.Mask",["node"],3,1],["cc.Scene",["_name","_active","_children","_anchorPoint","_trs"],1,2,5,7],["cc.Camera",["_clearFlags","_depth","node"],1,1],["cc.Sprite",["_sizeMode","_isTrimmedMode","node","_spriteFrame"],1,1,6]],[[6,0,1],[1,0,2,2],[1,0,2,5,2],[1,0,2,4,5,2],[15,0,1,2,3,3],[1,0,2,3,6,4,5,2],[2,0,1,2,3,3],[5,0,2],[3,0,1,3],[1,0,1,7,3,4,5,3],[1,0,2,3,4,5,2],[1,0,2,3,2],[1,0,2,3,6,4,2],[2,0,1,2,3,4,3],[2,0,2,3,4,2],[4,0,1,2,3,4,5,6,7,8,1],[7,0,1,2,3,3],[8,0,1,2,1],[9,0,1,2,3,4,5,6,7,8,9,10,11,12,13,14,15,16,17,18,19,20,21,22,23,24,25,26,27,28,29,30,31,32,1],[10,0,1],[11,0,1,2],[12,0,1],[13,0,1,2,3,4,3],[14,0,1,2,3]],[[[{"name":"h_laptop_block_d_blur","rect":[1657,759,95,320],"offset":[0,0],"originalSize":[175,368],"capInsets":[0,0,0,0]}],[0],0,[0],[0],[0]],[[{"name":"h_miner_d_blur","rect":[1212,1063,95,320],"offset":[0,0],"originalSize":[175,368],"capInsets":[0,0,0,0]}],[0],0,[0],[0],[0]],[[{"name":"h_miner_a_blur","rect":[1409,1914,95,95],"offset":[0,0],"originalSize":[175,175],"capInsets":[0,0,0,0]}],[0],0,[0],[0],[0]],[[{"name":"l_j","rect":[1506,1724,98,122],"offset":[1,0],"originalSize":[350,350],"capInsets":[0,0,0,0]}],[0],0,[0],[0],[0]],[[{"name":"h_safe_block_c_blur","rect":[1503,1383,95,244],"offset":[0,0],"originalSize":[175,368],"capInsets":[0,0,0,0]}],[0],0,[0],[0],[0]],[[{"name":"h_laptop_block_a_blur","rect":[1503,1629,95,93],"offset":[0,0],"originalSize":[175,175],"capInsets":[0,0,0,0]}],[0],0,[0],[0],[0]],[[{"name":"h_phone_block_d_blur","rect":[1115,1063,95,318],"offset":[0,0],"originalSize":[175,368],"capInsets":[0,0,0,0]}],[0],0,[0],[0],[0]],[[{"name":"h_phone_block_b_blur","rect":[915,1842,95,169],"offset":[0,0],"originalSize":[175,175],"capInsets":[0,0,0,0]}],[0],0,[0],[0],[0]],[[{"name":"h_card_block_c_blur","rect":[1018,1383,95,244],"offset":[0,0],"originalSize":[175,368],"capInsets":[0,0,0,0]}],[0],0,[0],[0],[0]],[[{"name":"h_phone_block_c_blur","rect":[1309,1385,95,244],"offset":[0,0],"originalSize":[175,368],"capInsets":[0,0,0,0]}],[0],0,[0],[0],[0]],[[{"name":"h_card_block_a_blur","rect":[369,1909,95,95],"offset":[0,0],"originalSize":[175,175],"capInsets":[0,0,0,0]}],[0],0,[0],[0],[0]],[[{"name":"l_k","rect":[1606,1669,112,118],"offset":[1,-1],"originalSize":[350,350],"capInsets":[0,0,0,0]}],[0],0,[0],[0],[0]],[[{"name":"l_block_b_blur","rect":[1012,1800,95,169],"offset":[0,0],"originalSize":[175,175],"capInsets":[0,0,0,0]}],[0],0,[0],[0],[0]],[[{"name":"l_q_blur","rect":[1659,535,61,73],"offset":[0,0],"originalSize":[175,175],"capInsets":[0,0,0,0]}],[0],0,[0],[0],[0]],[[{"name":"l_q","rect":[1192,1759,118,120],"offset":[1,-1],"originalSize":[350,350],"capInsets":[0,0,0,0]}],[0],0,[0],[0],[0]],[[{"name":"h_laptop_blur","rect":[1659,96,85,95],"offset":[0,0],"originalSize":[175,175],"capInsets":[0,0,0,0]}],[0],0,[0],[0],[0]],[[{"name":"h_miner_b_blur","rect":[1600,1498,95,169],"offset":[0,0],"originalSize":[175,175],"capInsets":[0,0,0,0]}],[0],0,[0],[0],[0]],[[{"name":"l_block_d_blur","rect":[1503,1063,95,318],"offset":[0,0],"originalSize":[175,368],"capInsets":[0,0,0,0]}],[0],0,[0],[0],[0]],[[{"name":"h_miner_c_blur","rect":[1212,1385,95,244],"offset":[0,0],"originalSize":[175,368],"capInsets":[0,0,0,0]}],[0],0,[0],[0],[0]],[[{"name":"h_pickaxe_blur","rect":[1659,290,85,91],"offset":[1,1],"originalSize":[175,175],"capInsets":[0,0,0,0]}],[0],0,[0],[0],[0]],[[{"name":"h_miner_a","rect":[553,1513,182,152],"offset":[0,0],"originalSize":[350,350],"capInsets":[0,0,0,0]}],[0],0,[0],[0],[0]],[[{"name":"h_pickaxe_block_b_blur","rect":[1312,1759,95,169],"offset":[0,0],"originalSize":[175,175],"capInsets":[0,0,0,0]}],[0],0,[0],[0],[0]],[[{"name":"h_pickaxe_block_a_blur","rect":[1624,1884,95,93],"offset":[0,0],"originalSize":[175,175],"capInsets":[0,0,0,0]}],[0],0,[0],[0],[0]],[[{"name":"h_miner_c","rect":[923,1,182,452],"offset":[0,0],"originalSize":[350,736],"capInsets":[0,0,0,0]}],[0],0,[0],[0],[0]],[[{"name":"h_safe_block_a_blur","rect":[1109,1881,95,93],"offset":[0,0],"originalSize":[175,175],"capInsets":[0,0,0,0]}],[0],0,[0],[0],[0]],[[{"name":"h_safe_block_d_blur","rect":[1406,1063,95,320],"offset":[0,0],"originalSize":[175,368],"capInsets":[0,0,0,0]}],[0],0,[0],[0],[0]],[[{"name":"h_pickaxe_block_d_blur","rect":[1309,1063,95,320],"offset":[0,0],"originalSize":[175,368],"capInsets":[0,0,0,0]}],[0],0,[0],[0],[0]],[[{"name":"block_gold_c_blur","rect":[369,1663,95,244],"offset":[0,0],"originalSize":[175,368],"capInsets":[0,0,0,0]}],[0],0,[0],[0],[0]],[[{"name":"l_block_a_blur","rect":[1206,1881,95,93],"offset":[0,0],"originalSize":[175,175],"capInsets":[0,0,0,0]}],[0],0,[0],[0],[0]],[[{"name":"l_a_blur","rect":[1109,1800,59,73],"offset":[0,0],"originalSize":[175,175],"capInsets":[0,0,0,0]}],[0],0,[0],[0],[0]],[[{"name":"h_phone_block_a_blur","rect":[1624,1789,95,93],"offset":[0,0],"originalSize":[175,175],"capInsets":[0,0,0,0]}],[0],0,[0],[0],[0]],[[{"name":"l_10","rect":[1334,1631,142,110],"offset":[1,-1],"originalSize":[350,350],"capInsets":[0,0,0,0]}],[0],0,[0],[0],[0]],[[{"name":"l_j_blur","rect":[1697,1081,51,73],"offset":[0,1],"originalSize":[175,175],"capInsets":[0,0,0,0]}],[0],0,[0],[0],[0]],[[{"name":"h_laptop_block_b_blur","rect":[818,1842,95,169],"offset":[0,0],"originalSize":[175,175],"capInsets":[0,0,0,0]}],[0],0,[0],[0],[0]],[[[8,"main",null],[9,"Canvas","1eRO9CXg9Oo6Y1wWKKi40y",[[-40,-41,-42,-43,-44,-45,-46,-47,-48,-49,-50,-51,-52,-53,-54,-55,-56,-57,-58,-59,[2,"multiplier_fore_holder",-60,[0,-470,0,0,0,0,1,1,1,1]],-61,-62,-63,-64,-65,-66,-67,-68,-69,-70,-71,-72,-73,[1,"loading_page_holder",-74]],1,1,1,1,1,1,1,1,1,1,1,1,1,1,1,1,1,1,1,1,4,1,1,1,1,1,1,1,1,1,1,1,1,1,4],[[15,-1,[[7,[null]],[0,[3]],[0,[4]],[0,[5]],[0,[6]],[0,[7]],[0,[8]],[0,[9]],[0,[10]],[0,[11]],[0,[12]]],[[7,[null]],[0,[13]],[0,[14]],[0,[15]],[0,[16]],[0,[17]],[0,[18]],[0,[19]],[0,[20]],[0,[21]],[0,[22]]],[[0,[23,24,25,26]],[0,[27,28,29,30]],[0,[31,32,33,34]],[0,[35,36,37,38]],[0,[39,40,41,42]],[0,[43,44,45,46]],[0,[47,48,49,50]]],[[0,[51,52,53,54]],[0,[55,56,57,58]],[0,[59,60,61,62]],[0,[63,64,65,66]],[0,[67,68,69,70]],[0,[71,72,73,74]],[0,[75,76,77,78]]],[79,80,81],[82,83,84],[85,86,87],[88,89,90]],[16,true,false,-2,[5,1080,2340]],[17,-37,-36,[18,-35,-34,-33,-32,-31,-30,-29,-28,-27,-26,-25,-24,-23,-22,-21,-20,-19,-18,-17,-16,-15,-14,-13,-12,-11,-10,-9,-8,-7,-6,-5,-4,-3]],[19,-38],[20,45,-39]],[5,1080,2340],[540,1170,0,0,0,0,1,1,1,1]],[13,"reel_transform_tint_holder",0,1,[-75],[0,350,0,0,0,0,1,1,1,1]],[10,"reel_transform_wild_holder",1,[[21,-76]],[5,1062,888],[0,350,0,0,0,0,1,1,1,1]],[6,"black_tint",0,1,[-77]],[6,"symbol_tint_holder",0,1,[-78]],[14,"bottom_holder",1,[-79,-80],[0,-750,0,0,0,0,1,1,1,1]],[22,"New Node",false,[1],[0,0,0],[0,0,0,0,0,0,1,0.16324786324786325,0.16324786324786325,1]],[11,"Main Camera",1,[[23,7,-1,-81]]],[1,"background_holder",1],[2,"slow_drop_holder",1,[0,490,0,0,0,0,1,1,1,1]],[3,"slot_holder",1,[5,1080,900],[0,350,0,0,0,0,1,1,1,1]],[3,"scatter_holder",1,[5,1062,740],[0,280,0,0,0,0,1,1,1,1]],[12,"black_tinter",2,[[4,0,false,-82,0]],[4,4278190080],[5,1080,900]],[1,"reel_transform_wild_symbol_holder",1],[1,"wild_holder",1],[5,"black_tinter",4,[[4,0,false,-83,1]],[4,4278190080],[5,1080,900],[0,350,0,0,0,0,1,1,1,1]],[1,"win_effect_holder",1],[5,"slow_drop_tint",5,[[4,0,false,-84,2]],[4,4278190080],[5,1080,900],[0,350,0,0,0,0,1,1,1,1]],[2,"feature_buy_holder",1,[0,-320,0,0,0,0,1,1,1,1]],[1,"foreground_holder",1],[2,"fast_spin_holder",1,[0,350,0,0,0,0,1,1,1,1]],[3,"scatter_front_holder",1,[5,1062,740],[0,280,0,0,0,0,1,1,1,1]],[2,"way_win_holder",1,[0,875,0,0,0,0,1,1,1,1]],[1,"symbol_pop_out_tint_holder",1],[2,"infoboard_holder",1,[0,-170,0,0,0,0,1,1,1,1]],[2,"multiplier_holder",1,[0,-510,0,0,0,0,1,1,1,1]],[2,"ui_footer",1,[0,29,0,0,0,0,1,1,1,1]],[3,"click_area",1,[5,1060,888],[0,350,0,0,0,0,1,1,1,1]],[2,"symbol_pop_out_holder",1,[0,420,0,0,0,0,1,1,1,1]],[1,"fly_multiplier_holder",1],[2,"get_free_spin_holder",1,[0,350,0,0,0,0,1,1,1,1]],[1,"free_spin_count_holder",1],[1,"spin_button_holder",6],[3,"setting_menu_holder",6,[5,1080,0],[0,-125,0,0,0,0,1,1,1,1]],[1,"bonus_loading_holder",1],[3,"setting_menu_footer_holder",1,[5,1080,0],[0,-950,0,0,0,0,1,1,1,1]],[1,"click_effect_holder",1],[1,"big_win_holder",1],[1,"feature_message_holder",1],[1,"total_win_holder",1]],0,[0,1,1,0,1,1,0,4,14,0,5,2,0,6,17,0,7,5,0,8,10,0,9,21,0,10,30,0,11,15,0,12,3,0,13,22,0,14,12,0,15,39,0,16,40,0,17,35,0,18,24,0,19,29,0,20,4,0,21,25,0,22,19,0,23,33,0,24,26,0,25,32,0,26,31,0,27,38,0,28,11,0,29,9,0,30,23,0,31,20,0,32,27,0,33,37,0,34,36,0,35,34,0,36,1,0,37,28,0,1,1,0,1,1,0,1,1,0,-1,8,0,-2,9,0,-3,10,0,-4,11,0,-5,12,0,-6,2,0,-7,14,0,-8,15,0,-9,3,0,-10,4,0,-11,17,0,-12,5,0,-13,19,0,-14,20,0,-15,21,0,-16,22,0,-17,23,0,-18,24,0,-19,25,0,-20,26,0,2,1,0,-22,27,0,-23,28,0,-24,29,0,-25,30,0,-26,31,0,-27,32,0,-28,6,0,-29,35,0,-30,36,0,-31,37,0,-32,38,0,-33,39,0,-34,40,0,2,1,0,-1,13,0,1,3,0,-1,16,0,-1,18,0,-1,33,0,-2,34,0,1,8,0,1,13,0,1,16,0,1,18,0,38,7,1,2,7,84],[0,0,0,0,0,0,0,0,0,0,0,0,0,0,0,0,0,0,0,0,0,0,0,0,0,0,0,0,0,0,0,0,0,0,0,0,0,0,0,0,0,0,0,0,0,0,0,0,0,0,0,0,0,0,0,0,0,0,0,0,0,0,0,0,0,0,0,0,0,0,0,0,0,0,0,0,0,0,0,0,0,0,0,0,0,0,0,0,0,0,0],[3,3,3,-1,-1,-1,-1,-1,-1,-1,-1,-1,-1,-1,-1,-1,-1,-1,-1,-1,-1,-1,-1,-1,-2,-3,-4,-1,-2,-3,-4,-1,-2,-3,-4,-1,-2,-3,-4,-1,-2,-3,-4,-1,-2,-3,-4,-1,-2,-3,-4,-1,-2,-3,-4,-1,-2,-3,-4,-1,-2,-3,-4,-1,-2,-3,-4,-1,-2,-3,-4,-1,-2,-3,-4,-1,-2,-3,-4,-1,-2,-3,-1,-2,-3,-1,-2,-3,-1,-2,-3],[1,1,1,2,3,4,5,6,7,8,9,10,11,12,13,14,15,16,17,18,19,20,21,22,23,24,25,26,27,28,29,30,31,32,33,34,35,36,37,38,39,40,41,42,43,44,45,46,47,48,49,50,51,52,53,54,55,56,57,58,59,60,61,62,63,64,65,66,67,68,69,70,71,72,73,74,75,76,77,78,79,80,81,82,83,84,85,86,87,88,89]],[[{"name":"h_card_block_b_blur","rect":[1095,1629,95,169],"offset":[0,0],"originalSize":[175,175],"capInsets":[0,0,0,0]}],[0],0,[0],[0],[0]],[[{"name":"h_laptop","rect":[650,1825,166,162],"offset":[-1,-1],"originalSize":[350,350],"capInsets":[0,0,0,0]}],[0],0,[0],[0],[0]],[[{"name":"l_10_blur","rect":[1659,464,73,69],"offset":[0,0],"originalSize":[175,175],"capInsets":[0,0,0,0]}],[0],0,[0],[0],[0]],[[{"name":"h_pickaxe_block_c_blur","rect":[1406,1385,95,244],"offset":[0,-1],"originalSize":[175,368],"capInsets":[0,0,0,0]}],[0],0,[0],[0],[0]],[[{"name":"h_safe","rect":[650,1671,178,152],"offset":[-7,0],"originalSize":[350,350],"capInsets":[0,0,0,0]}],[0],0,[0],[0],[0]],[[{"name":"h_pickaxe","rect":[739,455,166,146],"offset":[1,1],"originalSize":[350,350],"capInsets":[0,0,0,0]}],[0],0,[0],[0],[0]],[[{"name":"block_gold_d_blur","rect":[921,1063,95,318],"offset":[0,0],"originalSize":[175,368],"capInsets":[0,0,0,0]}],[0],0,[0],[0],[0]],[[{"name":"h_laptop_block_c_blur","rect":[1115,1383,95,244],"offset":[0,0],"originalSize":[175,368],"capInsets":[0,0,0,0]}],[0],0,[0],[0],[0]],[[{"name":"h_card","rect":[1192,1631,140,126],"offset":[-1,1],"originalSize":[350,350],"capInsets":[0,0,0,0]}],[0],0,[0],[0],[0]],[[{"name":"h_safe_block_b_blur","rect":[1409,1743,95,169],"offset":[0,0],"originalSize":[175,175],"capInsets":[0,0,0,0]}],[0],0,[0],[0],[0]],[[{"name":"block_silver_c_blur","rect":[921,1383,95,244],"offset":[0,0],"originalSize":[175,368],"capInsets":[0,0,0,0]}],[0],0,[0],[0],[0]],[[{"name":"h_card_blur","rect":[1659,383,71,79],"offset":[0,0],"originalSize":[175,175],"capInsets":[0,0,0,0]}],[0],0,[0],[0],[0]],[[{"name":"l_k_blur","rect":[1659,610,57,71],"offset":[0,-1],"originalSize":[175,175],"capInsets":[0,0,0,0]}],[0],0,[0],[0],[0]],[[{"name":"block_silver_b_blur","rect":[830,1671,95,169],"offset":[0,0],"originalSize":[175,175],"capInsets":[0,0,0,0]}],[0],0,[0],[0],[0]],[[{"name":"block_silver_d_blur","rect":[1018,1063,95,318],"offset":[0,0],"originalSize":[175,368],"capInsets":[0,0,0,0]}],[0],0,[0],[0],[0]],[[{"name":"l_a","rect":[1506,1848,116,118],"offset":[1,0],"originalSize":[350,350],"capInsets":[0,0,0,0]}],[0],0,[0],[0],[0]],[[{"name":"h_miner_b","rect":[1105,759,182,302],"offset":[0,0],"originalSize":[350,350],"capInsets":[0,0,0,0]}],[0],0,[0],[0],[0]],[[{"name":"h_safe_blur","rect":[1659,1,91,93],"offset":[-3,0],"originalSize":[175,175],"capInsets":[0,0,0,0]}],[0],0,[0],[0],[0]],[[{"name":"h_card_block_d_blur","rect":[1115,1063,95,318],"offset":[0,0],"originalSize":[175,368],"capInsets":[0,0,0,0]}],[0],0,[0],[0],[0]],[[{"name":"l_block_c_blur","rect":[1600,1081,95,244],"offset":[0,0],"originalSize":[175,368],"capInsets":[0,0,0,0]}],[0],0,[0],[0],[0]],[[{"name":"h_phone","rect":[927,1629,166,162],"offset":[0,0],"originalSize":[350,350],"capInsets":[0,0,0,0]}],[0],0,[0],[0],[0]],[[{"name":"h_phone_blur","rect":[1659,193,83,95],"offset":[0,0],"originalSize":[175,175],"capInsets":[0,0,0,0]}],[0],0,[0],[0],[0]],[[{"name":"h_miner_d","rect":[185,605,182,602],"offset":[0,0],"originalSize":[350,736],"capInsets":[0,0,0,0]}],[0],0,[0],[0],[0]],[[{"name":"block_gold_b_blur","rect":[1600,1327,95,169],"offset":[0,0],"originalSize":[175,175],"capInsets":[0,0,0,0]}],[0],0,[0],[0],[0]]]]