[1,["50W9hDfaJEB7MKOWz/9+zZ","f0BIwQ8D5Ml7nTNQbh1YlS","9cJ8TtPM5JNpgBx3CRCmBj","e97GVMl6JHh5Ml5qEDdSGa","29FYIk+N1GYaeWH/q1NxQO","4cFX3qsWNMQYO+QTJQJ7PX","f6epGnNW9JaaTYgYkaZNwX","a2MjXRFdtLlYQ5ouAFv/+R","87YRDfZIJD1L8xWQlQMQuB","7bZZ0g6bxIjr1XKoNmJzuc","3dKM/76qhMEItIV2ARrfrF","9aiZAtTxxK5qIYDJchnYHE","43cESWfp1FAIzu3avJh4gI","14LevC23ZHZIB166H2Gl1+","25ax8AeN1L4KuflS78QgGX","5abQNakJNLT4xgJiiL7rcL","cbZv4krjBHuocgHnBDoOUD","803sGah9lNsYlGS1WsW69C","c8hdDqCF9GJr1CvjFtvaVO","42jAljp1BBNpM6Nla+4a++","8bqckY1N5MypR04fMnYXiJ","fd3CC9b19F+ofNnZIc5Sly","03XV6WLDdMuIIopUJHwzFw"],["node","_spriteFrame","_textureSetter","_N$pressedSprite","_N$hoverSprite","_N$disabledSprite","_N$normalSprite","root","confirmHoverRight","confirmHoverLeft","cancelHoverRight","cancelHoverLeft","hoverRight","hoverLeft","fbConfirmButton","fbCancelButton","fbCostNumberNode","fbMessageBoardHolder","blackTint","fbButton","fbBoard","featureBuyConfirmSprite","featureBuyCancelSprite","featureBuyDescSprite","featureBuyCostSprite","featureBuyTitleSprite","featureBuySprite","fbBoardBackground","numberContainer","data","_parent"],[["cc.Node",["_name","_active","_opacity","_prefab","_parent","_components","_trs","_children","_contentSize","_color"],0,4,1,9,7,2,5,5],"cc.SpriteFrame",["cc.Node",["_name","_components","_prefab","_contentSize","_trs","_parent","_children","_anchorPoint"],2,2,4,5,7,1,2,5],["cc.Sprite",["_isTrimmedMode","_sizeMode","_srcBlendFactor","_dstBlendFactor","node","_spriteFrame"],-1,1,6],["cc.Button",["node","clickEvents","_N$pressedColor","_N$disabledColor","_N$target","_N$normalColor"],3,1,9,5,5,1,5],["cc.Prefab",["_name"],2],["48de2xBhchCH65RUrvwi7mX",["node","fbBoardBackground","featureBuySprite","featureBuyTitleSprite","featureBuyCostSprite","featureBuyDescSprite","featureBuyCancelSprite","featureBuyConfirmSprite","fbBoard","fbButton","blackTint","fbMessageBoardHolder","fbCostNumberNode","fbCancelButton","fbConfirmButton","hoverLeft","hoverRight","cancelHoverLeft","cancelHoverRight","confirmHoverLeft","confirmHoverRight"],3,1,1,1,1,1,1,1,1,1,1,1,1,1,1,1,1,1,1,1,1,1],["cc.PrefabInfo",["fileId","root"],2,1],["cc.BlockInputEvents",["node"],3,1],["e13cc9FLShL66GevrFVSv5p",["maxContainerSize","kSprite","nodeNumberWidth","nodeNumberScale","commaY","commaScale","decimalWidth","decimalY","decimalScale","decimalNumberWidth","decimalNumberY","decimalNumberScale","multiplySpriteWidth","multiplySpriteScale","spriteColor","node","numberContainer","numberSprite"],-12,1,1,3],["cc.Mask",["_N$inverted","node"],2,1],["cc.ClickEvent",["_componentId","handler","target"],1,1]],[[7,0,1,2],[0,0,4,5,3,9,8,6,2],[3,2,3,1,0,4,5,5],[3,1,0,4,5,3],[0,0,4,5,3,8,6,2],[2,0,5,1,2,3,4,2],[3,1,0,4,3],[11,0,1,2,3],[0,0,4,7,3,2],[2,0,5,6,1,2,3,4,2],[2,0,5,1,2,3,7,4,2],[3,0,4,2],[4,0,1,5,2,3,4,1],[5,0,2],[0,0,7,5,3,2],[0,0,1,4,7,3,6,3],[0,0,1,2,4,5,3,9,8,4],[0,0,4,5,3,6,2],[0,0,4,7,5,3,8,6,2],[0,0,4,7,3,6,2],[2,0,6,1,2,3,4,2],[6,0,1,2,3,4,5,6,7,8,9,10,11,12,13,14,15,16,17,18,19,20,1],[8,0,1],[9,0,1,2,3,4,5,6,7,8,9,10,11,12,13,14,15,16,17,16],[10,0,1,2],[4,0,1,2,3,4,1]],[[[{"name":"green_button","rect":[1155,1449,295,113],"offset":[0,0],"originalSize":[295,113],"capInsets":[0,0,0,0]}],[1],0,[0],[2],[2]],[[[13,"featurebuy_controller"],[14,"featurebuy_controller",[-23,-24,-25],[[21,-22,-21,-20,-19,-18,-17,-16,-15,-14,-13,-12,-11,-10,-9,-8,-7,-6,-5,-4,-3,-2]],[0,"81ElEnTFVBVK0sOdeIieQ1",-1]],[15,"message_tip",false,1,[-26,-27,-28,-29,-30,-31,-32],[0,"f9Vr/T25ZInbtOWjFIvbUc",1],[0,200,0,0,0,0,1,1,1,1]],[20,"feature_button",[-34,-35,-36],[-33],[0,"3du1KBoaxM1reIu0nDMibo",1],[5,301,127],[0,400,0,0,0,0,1,1,1,1]],[9,"fb_cancel",2,[-38,-39,-40],[-37],[0,"2aouAfVyJNj5iOOVO5sXSW",1],[5,318,106],[-230,-322,0,0,0,0,1,1,1,1]],[9,"fb_start",2,[-42,-43,-44],[-41],[0,"6cbyMm/OxCN7QeTZbbdqXH",1],[5,318,106],[230,-322,0,0,0,0,1,1,1,1]],[16,"black_tint",false,150,1,[[3,0,false,-45,3],[22,-46]],[0,"f1xo720WBP2IJn/ecsGCrt",1],[4,4278190080],[5,1080,2340]],[17,"cost",2,[[23,600,null,80,1.43,-25,1.43,30,-15,1.43,80,0,1.43,0,0,"#FFFFFF",-48,-47,[5,6,7,8,9,10,11,12,13,14,15,16]]],[0,"895emRmgJHmYi7pSDqYGIL",1],[0,60,0,0,0,0,1,1,1,1]],[18,"mask",1,[3],[[24,true,-49]],[0,"cdlTnKLo9OQ48FZAPnkq6C",1],[5,650,330],[0,-400,0,0,0,0,1,1,1,1]],[4,"Background",3,[[3,2,false,-50,0]],[0,"3fiypmWbVBOZkeh/K2fRQ4",1],[5,301,127],[0,0,0,0,0,0,1,1.43,1.43,1]],[19,"button_vfx_holder",3,[-51,-52],[0,"b21J9vyy9IC5Ch0ZX4rGlZ",1],[0,-1,0,0,0,0,1,1,1,1]],[1,"button_vfx_screen_l",10,[[2,1,769,2,false,-53,1]],[0,"c3981I5eBDEa/HCIYFnMEs",1],[4,4278190080],[5,175,175],[-140,-2,0,0,0,0,1,1.63,1.63,1]],[1,"button_vfx_screen_r",10,[[2,1,769,2,false,-54,2]],[0,"a0B0p6hbRGD6Wv8DdrHb0/",1],[4,4278190080],[5,175,175],[140,-1,0,0,0,0,1,-1.63,1.63,1]],[4,"background",4,[[3,2,false,-55,17]],[0,"acL7EunVZD9ZHnhIAlH3ZF",1],[5,300,116],[0,0,0,0,0,0,1,1.43,1.43,1]],[8,"button_vfx_holder",4,[-56,-57],[0,"cb4GzKTLxDOIFsEh+SNQId",1]],[1,"button_vfx_screen_l",14,[[2,1,769,2,false,-58,18]],[0,"63ulJWR2hMKpUFBLWRrS35",1],[4,4278190080],[5,175,175],[-145,0,0,0,0,0,1,1,1,1]],[1,"button_vfx_screen_r",14,[[2,1,769,2,false,-59,19]],[0,"ceQTCnbmxDwaKQauuoyGbJ",1],[4,4278190080],[5,175,175],[145,0,0,0,0,0,1,-1,1,1]],[4,"background",5,[[3,2,false,-60,20]],[0,"33kH8Tf4xIfo/VyzlaR/2g",1],[5,300,116],[0,0,0,0,0,0,1,1.43,1.43,1]],[8,"button_vfx_holder",5,[-61,-62],[0,"76GEGh7z5Nf5X1ehbFO3Ll",1]],[1,"button_vfx_screen_l",18,[[2,1,769,2,false,-63,21]],[0,"d2Qyy38qJPvYBEeP9jepdZ",1],[4,4278190080],[5,175,175],[-145,0,0,0,0,0,1,1,1,1]],[1,"button_vfx_screen_r",18,[[2,1,769,2,false,-64,22]],[0,"51cWSyZxhFSqScmEHG/sU3",1],[4,4278190080],[5,175,175],[145,0,0,0,0,0,1,-1,1,1]],[5,"feature_buy",3,[-65],[0,"390+v5BcNJqrrwqonVWSZb",1],[5,183,90],[0,0,0,0,0,0,1,1.43,1.43,1]],[6,2,false,21],[25,3,[[7,"48de2xBhchCH65RUrvwi7mX","onFeatureBuyClicked",1]],[4,4294967295],[4,4286085240],3],[4,"fb_window",2,[[3,2,false,-66,4]],[0,"28j69OCtxOGLQ4+fIVTVZD",1],[5,735,714],[0,0,0,0,0,0,1,1.43,1.43,1]],[5,"fb_title",2,[-67],[0,"9bs1voMCZBn66MMZh4BC7Q",1],[5,443,68],[0,312,0,0,0,0,1,1.43,1.43,1]],[6,2,false,25],[10,"fb_cost",2,[-68],[0,"9dT45ot+9B2L/HDOLxSKP5",1],[5,127,55],[0,0.5,0],[0,116,0,0,0,0,1,1.43,1.43,1]],[6,2,false,27],[10,"fb_desc",2,[-69],[0,"daVAmpTFBLqLK+KskEOJL5",1],[5,497,102],[0,0.5,1],[0,-74,0,0,0,0,1,1.43,1.43,1]],[6,2,false,29],[5,"cancel",4,[-70],[0,"18EeufHu5P068P05tZiPxU",1],[5,200,51],[0,0,0,0,0,0,1,1.43,1.43,1]],[11,false,31],[12,4,[[7,"48de2xBhchCH65RUrvwi7mX","onCancelClicked",1]],[4,4293322470],[4,4291348680],[4,3363338360],13],[5,"start",5,[-71],[0,"a7AHp3DU5C6peDOiFX0vlS",1],[5,156,51],[0,0,0,0,0,0,1,1.43,1.43,1]],[11,false,34],[12,5,[[7,"48de2xBhchCH65RUrvwi7mX","onStartClicked",1]],[4,4293322470],[4,4291348680],[4,3363338360],17]],0,[0,7,1,0,8,20,0,9,19,0,10,16,0,11,15,0,12,12,0,13,11,0,14,36,0,15,33,0,16,7,0,17,2,0,18,6,0,19,23,0,20,3,0,21,35,0,22,32,0,23,30,0,24,28,0,25,26,0,26,22,0,27,9,0,0,1,0,-1,8,0,-2,6,0,-3,2,0,-1,24,0,-2,25,0,-3,27,0,-4,7,0,-5,29,0,-6,4,0,-7,5,0,-1,23,0,-1,9,0,-2,21,0,-3,10,0,-1,33,0,-1,13,0,-2,31,0,-3,14,0,-1,36,0,-1,17,0,-2,34,0,-3,18,0,0,6,0,0,6,0,28,7,0,0,7,0,0,8,0,0,9,0,-1,11,0,-2,12,0,0,11,0,0,12,0,0,13,0,-1,15,0,-2,16,0,0,15,0,0,16,0,0,17,0,-1,19,0,-2,20,0,0,19,0,0,20,0,-1,22,0,0,24,0,-1,26,0,-1,28,0,-1,30,0,-1,32,0,-1,35,0,29,1,3,30,8,71],[0,0,0,0,0,0,0,0,0,0,0,0,0,0,0,0,0,0,0,0,0,0,0,23,23,23,33,33,33,33,36,36,36,36],[1,1,1,1,1,-1,-2,-3,-4,-5,-6,-7,-8,-9,-10,-11,-12,1,1,1,1,1,1,3,4,5,6,3,4,5,6,3,4,5],[6,0,0,7,8,9,10,11,12,13,14,15,16,17,18,19,20,21,0,0,22,0,0,3,1,4,1,3,1,4,1,3,1,4]],[[{"name":"purple_comma","rect":[223,150,29,34],"offset":[0,0],"originalSize":[29,34],"capInsets":[0,0,0,0]}],[1],0,[0],[2],[5]],[[{"name":"fb_bg","rect":[1,1,735,714],"offset":[0,0],"originalSize":[735,714],"capInsets":[0,0,0,0]}],[1],0,[0],[2],[2]],[[{"name":"purple_decimal","rect":[223,186,29,28],"offset":[0,0],"originalSize":[29,28],"capInsets":[0,0,0,0]}],[1],0,[0],[2],[5]],[[{"name":"fb_button","rect":[1326,1320,301,127],"offset":[0,0],"originalSize":[301,127],"capInsets":[0,0,0,0]}],[1],0,[0],[2],[2]],[[{"name":"red_button","rect":[1441,1786,295,113],"offset":[0,0],"originalSize":[295,113],"capInsets":[0,0,0,0]}],[1],0,[0],[2],[2]]]]