[1,["4eQ7FdcTBPvIMvWh2guu1p"],["_textureSetter"],["cc.SpriteFrame"],0,[[[{"name":"tw_vfx_c_screen_00","rect":[387,1,362,384],"offset":[0,1],"originalSize":[390,390],"rotated":1,"capInsets":[0,0,0,0]}],[0],0,[0],[0],[0]],[[{"name":"tw_vfx_c_screen_02","rect":[385,675,208,380],"offset":[-8,0],"originalSize":[390,390],"rotated":1,"capInsets":[0,0,0,0]}],[0],0,[0],[0],[0]],[[{"name":"tw_vfx_c_screen_05","rect":[1,1,372,384],"offset":[-2,1],"originalSize":[390,390],"rotated":1,"capInsets":[0,0,0,0]}],[0],0,[0],[0],[0]],[[{"name":"tw_vfx_c_screen_03","rect":[1,657,246,382],"offset":[-9,1],"originalSize":[390,390],"rotated":1,"capInsets":[0,0,0,0]}],[0],0,[0],[0],[0]],[[{"name":"tw_vfx_c_screen_01","rect":[1,375,280,384],"offset":[-4,1],"originalSize":[390,390],"rotated":1,"capInsets":[0,0,0,0]}],[0],0,[0],[0],[0]],[[{"name":"tw_vfx_c_screen_04","rect":[387,365,308,384],"offset":[-5,1],"originalSize":[390,390],"rotated":1,"capInsets":[0,0,0,0]}],[0],0,[0],[0],[0]]]]