[1,["ffTWuMuB1DU4hzWw2n45CJ","18/TthDDJD36UEdG+wz8mc","a7SZX/iXpOta5Xl3atZCcu","42+ESwwflPi5BYEQSNF+J2","6ciXTciZpD9ZqJxM9vt7TL","7avcQwuypLDJPVO7i4Zhov","7bZZ0g6bxIjr1XKoNmJzuc","3dKM/76qhMEItIV2ARrfrF","9aiZAtTxxK5qIYDJchnYHE","43cESWfp1FAIzu3avJh4gI","14LevC23ZHZIB166H2Gl1+","25ax8AeN1L4KuflS78QgGX","5abQNakJNLT4xgJiiL7rcL","cbZv4krjBHuocgHnBDoOUD","803sGah9lNsYlGS1WsW69C","c8hdDqCF9GJr1CvjFtvaVO","50W9hDfaJEB7MKOWz/9+zZ","fafr9dnSdPwI+604ijvbEc","2daEssMf5BWbks9wadNfMd","148reIeotCsaLWxB9wrF9V","84CfR3pfpMULns4LI2ceit","ef3sH/RkFJJ6Y+STBgrECh","11RJ366+RLd6tklYJXf3Pm","eflQRfWBhAUpGLpJDM198X","33eYuhvtpHk5efr27RoyCA","aarJ5qgJROlZDi7/Hvs+nC","04ihN/2e9FBJVRPGUqjUtT","8bLXtfZM1Lnagy1UI0BZ3u","f3dJkuqiFOZIoksqBw0q7x","bfKaMolL1PaIfAMAfH5xaN","67Oc6G6chHN5GZXM/Od1kT","be92TWt75GLrmJqR3qp2SO","348NdVJSRCcKbkKliZWo51","a6iwSxPZVEOI3IQ0U02uF8","eeG4Jwy3JPv4q+VKaKP7ZN","4cQrDRXDBDhIdObARiSxD8","daIuZDlvJM2ph9qIQ/98/o","0ecgnrL8xEIbJh/bLsN4aj"],["node","_spriteFrame","_textureSetter","_defaultClip","root","startButtonSprite","freeSpinDescSprite","freeSpinTitleSprite","buttonVfxR","buttonVfxL","vfxAHolder","textHolder","rotateB2","rotateB1","rotateVfxBHolder","vfxC","coinNode","vfxF","vfxB","bgNode","loadingNumberRollingNode","loadingCircleNode","loadingHolderNode","textHolderNode","backgroundNode","freeSpinCountNode","startButton","startButtonNode","displayController","numberContainer","_N$target","data","_parent"],[["cc.Node",["_name","_active","_opacity","_prefab","_parent","_components","_contentSize","_trs","_children","_color"],0,4,1,9,5,7,2,5],"cc.SpriteFrame",["cc.Sprite",["_sizeMode","_isTrimmedMode","_dstBlendFactor","_srcBlendFactor","node","_spriteFrame"],-1,1,6],["cc.Node",["_name","_opacity","_parent","_components","_prefab","_contentSize","_trs","_children","_anchorPoint"],1,1,2,4,5,7,2,5],["e13cc9FLShL66GevrFVSv5p",["maxContainerSize","enableComma","enableDecimal","numberSpriteAtlas","numberBlurSpriteAtlas","kSprite","nodeNumberWidth","nodeNumberScale","commaWidth","commaScale","decimalWidth","decimalScale","decimalNumberWidth","decimalNumberY","decimalNumberScale","multiplySpriteWidth","multiplySpriteScale","spriteColor","blurScale","node","numberContainer","numberSprite","numberBlurSprite"],-16,1,1,3,3],["cc.Prefab",["_name"],2],["cc.Node",["_name","_components","_prefab","_contentSize"],2,12,4,5],["d3e456U6zVKjqJAJ2sdNinz",["node","startButtonNode","startButton","freeSpinCountNode","backgroundNode","textHolderNode","loadingHolderNode","loadingCircleNode","loadingNumberRollingNode","bgNode","vfxB","vfxF","coinNode","vfxC","rotateVfxBHolder","rotateB1","rotateB2","textHolder","vfxAHolder","buttonVfxL","buttonVfxR","freeSpinTitleSprite","freeSpinDescSprite","startButtonSprite"],3,1,1,1,1,1,1,1,1,1,1,1,1,1,1,1,1,1,1,1,1,1,1,1,1],["cc.PrefabInfo",["fileId","root"],2,1],["6ce4aSiKeVGJZPyEX2VbsSD",["node","displayController"],3,1,1],["cc.Animation",["playOnLoad","node","_clips","_defaultClip"],2,1,3,6],["cc.Button",["_N$interactable","node","clickEvents","_N$normalColor","_N$target"],2,1,9,5,1],["cc.ClickEvent",["_componentId","handler","target"],1,1],["cc.ParticleSystem",["_srcBlendFactor","_dstBlendFactor","_custom","totalParticles","emissionRate","lifeVar","angle","angleVar","startSizeVar","endSize","_positionType","speed","speedVar","tangentialAccel","node","_startColor","_startColorVar","_endColor","_endColorVar","posVar","gravity","_spriteFrame"],-11,1,8,8,8,8,5,5,6],["cc.AnimationClip",["_name","_duration","sample","speed","wrapMode","curveData"],-3]],[[8,0,1,2],[2,3,2,0,1,4,5,5],[0,0,4,5,3,6,7,2],[2,0,1,4,5,3],[0,0,4,5,3,9,6,7,2],[2,0,1,4,3],[10,0,1,2,3,2],[0,0,2,4,8,3,7,3],[0,0,1,4,8,3,7,3],[0,0,4,5,3,2],[3,0,2,3,4,5,8,6,2],[11,0,1,2,3,4,2],[12,0,1,2,3],[13,0,1,2,3,4,5,6,7,8,9,10,11,12,13,14,15,16,17,18,19,20,21,15],[14,0,1,2,3,4,5,7],[5,0,2],[0,0,1,8,5,3,3],[0,0,2,4,5,3,6,3],[0,0,1,4,8,5,3,6,7,3],[0,0,2,4,5,3,6,7,3],[0,0,1,4,5,3,6,7,3],[0,0,4,5,3,6,2],[0,0,4,8,3,2],[0,0,1,4,5,3,6,3],[3,0,1,2,7,3,4,5,6,3],[3,0,2,3,4,5,6,2],[6,0,1,2,3,2],[7,0,1,2,3,4,5,6,7,8,9,10,11,12,13,14,15,16,17,18,19,20,21,22,23,1],[9,0,1,1],[2,2,0,1,4,5,4],[2,0,4,5,2],[4,0,1,2,3,4,5,6,7,8,9,10,11,12,13,14,15,16,18,17,19,20,21,20],[4,0,1,2,3,4,5,6,7,8,9,10,11,12,13,14,15,16,17,19,20,21,22,19]],[[[{"name":"bl_vfx_f_screen","rect":[543,1,437,327],"offset":[0,0],"originalSize":[437,327],"capInsets":[0,0,0,0]}],[1],0,[0],[2],[0]],[[{"name":"bl_bg","rect":[0,0,540,1170],"offset":[0,0],"originalSize":[540,1170],"capInsets":[0,0,0,0]}],[1],0,[0],[2],[17]],[[[15,"bonus_loading_controller"],[16,"bonus_loading_controller",false,[-26,-27,-28,-29,-30,-31,-32,-33,-34,-35,-36],[[27,-25,-24,-23,-22,-21,-20,-19,-18,-17,-16,-15,-14,-13,-12,-11,-10,-9,-8,-7,-6,-5,-4,-3,-2]],[0,"57lWEHD4VJZpKVe7OiTJX/",-1]],[24,"start_button_holder",0,1,[-38,-39,-40],[-37],[0,"9d3FQHNh5JGpwYBNlDCozu",1],[5,500,125],[0,-620,0,0,0,0,1,0.8,0.8,1]],[7,"text_holder",100,1,[-41,-42,-43],[0,"74ASetLM5PMILzHrW4u6Tq",1],[0,50,0,0,0,0,1,0.5,0.5,1]],[26,"loading_progress_text",[[-44,[28,-46,-45]],1,4],[0,"5cVbhee31LMbhNB61kAYmd",1],[5,250,200]],[17,"background_cover",0,1,[[3,0,false,-47,0]],[0,"29eg0Jd1BGg7tFUgQLNzzC",1],[5,1080,2340]],[18,"bl_coin",false,1,[-49],[[3,2,false,-48,6]],[0,"4fhPht2RxNs6kSRxbBd2Kg",1],[5,388,389],[0,200,0,0,0,0,1,1,1,1]],[8,"bl_vfx_b_rotate",false,1,[-50,-51],[0,"81xgvfWL9ExqO8OYf9yQo6",1],[0,200,0,0,0,0,1,1,1,1]],[2,"bl_vfx_b_screen_02",7,[[1,1,769,2,false,-52,8],[6,true,-53,[10],9]],[0,"3fErqq4WxEWL5LrgkjwhG5",1],[5,220,220],[0,0,0,0,0,0,1,7,7,1]],[2,"bl_vfx_b_screen_01",7,[[1,1,769,2,false,-54,11],[6,true,-55,[13],12]],[0,"ca5DinptVFzbQ2qrJJy7hL",1],[5,220,220],[0,0,0,0,0,0,1,7,7,1]],[8,"bl_vfx_a_particle",false,1,[-56,-57],[0,"cfxlun4thH1ZcqSTS+nlXD",1],[0,250,0,0,0,0,1,1,1,1]],[2,"free_spin_count_text",3,[[31,540,false,false,null,null,null,130,1.43,0,0,0,0,0,0,0,0,0,0,"#FFFFFF",-59,-58,[16,17,18,19,20,21,22,23,24,25]]],[0,"caXWDIippOq7MsSzNGRdbq",1],[5,540,200],[-10,10,0,0,0,0,1,1.3,1.3,1]],[7,"loading_holder",0,1,[-60,4],[0,"23HouF8dRAlpZCydOQwcpS",1],[0,-620,0,0,0,0,1,1,1,1]],[19,"bl_vfx_b_screen",0,1,[[29,1,2,false,-61,1]],[0,"efWasskMZPcqEaT1syvEkD",1],[5,220,220],[0,0,0,0,0,0,1,25,25,1]],[20,"bl_vfx_f_screen",false,1,[[1,1,769,2,false,-62,2]],[0,"f6I8TOr+VHyrE5JUYIvlkl",1],[5,437,327],[0,200,0,0,0,0,1,2,2,1]],[2,"bl_ring_normal",6,[[3,2,false,-63,3],[6,true,-64,[5],4]],[0,"d3XHdG+z5G9IboO82DEZiY",1],[5,324,326],[0,0,0,0,0,0,1,1.7,1.7,1]],[4,"bl_vfx_c_screen",1,[[1,1,769,2,false,-65,7]],[0,"e0lKlHVzRFI6psdqScG+FK",1],[4,4278190080],[5,390,390],[0,200,0,0,0,0,1,3.33,3.33,1]],[21,"loading_circle_normal",12,[[30,0,-66,26]],[0,"91l0SNP0RElYyRsCEJs3fu",1],[5,324,325]],[22,"button_vfx_holder",2,[-67,-68],[0,"c5jTZi9z5N351Nhkrbn9pE",1]],[4,"button_vfx_screen_l",18,[[1,1,769,2,false,-69,48]],[0,"519mAUnqdLppGzy5YkE2oC",1],[4,4278190080],[5,175,175],[-200,-2,0,0,0,0,1,1.93,1.93,1]],[4,"button_vfx_screen_r",18,[[1,1,769,2,false,-70,49]],[0,"17CiFKrFZJzJUwuB41XEJ6",1],[4,4278190080],[5,175,175],[185,-1,0,0,0,0,1,-1.93,1.93,1]],[23,"skip_button",false,1,[[11,false,-72,[[12,"d79fepteMhANrBgPUxSv3fC","skipLoading",1]],[4,4292269782],-71]],[0,"faQWliMgpIVYnFV6ylUdeN",1],[5,1080,2340]],[9,"bl_vfx_a_screen_01",10,[[13,1,769,true,200,20,0.5,360,360,50,50,1,0,190.7899932861328,0,-73,[4,4294967295],[4,0],[4,4278190080],[4,0],[0,517,400],[0,0.25,0.8600000143051147],14]],[0,"e42S6q4cdOnqJb9lFw2HAD",1]],[9,"bl_vfx_a_screen_02",10,[[13,1,769,true,200,20,0.5,360,360,50,50,1,0,190.7899932861328,0,-74,[4,4294967295],[4,0],[4,4278190080],[4,0],[0,517,400],[0,0.25,0.8600000143051147],15]],[0,"eaQOs8KORIKoJt09bkrd1R",1]],[10,"free_spins_text",3,[-75],[0,"acTebqXwlJlYds2TUr00A2",1],[5,583,209],[0,0.5,1],[0,500,0,0,0,0,1,1.4286,1.4286,1]],[5,2,false,24],[10,"free_spin_desc",3,[-76],[0,"b7f20gDp9Kn6uGF1+p0ptT",1],[5,701,130],[0,0.5,0],[0,-450,0,0,0,0,1,1.43,1.43,1]],[5,2,false,26],[32,300,false,false,null,null,null,80,1.43,0,0,0,0,0,0,0,0,0,"#FFFFFF",4,4,[27,28,29,30,31,32,33,34,35,36],[37,38,39,40,41,42,43,44,45,46]],[2,"start_button",2,[[3,2,false,-77,47]],[0,"43Vdo3vIlHwJr5CGROS2Eb",1],[5,463,194],[0,0,0,0,0,0,1,1.43,1.43,1]],[25,"start_button_text",2,[-78],[0,"f8dCjiKvVFOL705cgz8eHh",1],[5,193,62],[0,0,0,0,0,0,1,1.4286,1.4286,1]],[5,2,false,30],[11,false,2,[[12,"d3e456U6zVKjqJAJ2sdNinz","mouseClick",1]],[4,4292269782],2]],0,[0,4,1,0,5,31,0,6,27,0,7,25,0,8,20,0,9,19,0,10,10,0,11,3,0,12,8,0,13,9,0,14,7,0,15,16,0,16,6,0,17,14,0,18,13,0,19,5,0,20,4,0,21,17,0,22,12,0,23,3,0,24,5,0,25,11,0,26,32,0,27,2,0,0,1,0,-1,5,0,-2,13,0,-3,14,0,-4,6,0,-5,16,0,-6,7,0,-7,10,0,-8,3,0,-9,12,0,-10,2,0,-11,21,0,-1,32,0,-1,29,0,-2,18,0,-3,30,0,-1,24,0,-2,11,0,-3,26,0,-1,28,0,28,28,0,0,4,0,0,5,0,0,6,0,-1,15,0,-1,8,0,-2,9,0,0,8,0,0,8,0,0,9,0,0,9,0,-1,22,0,-2,23,0,29,11,0,0,11,0,-1,17,0,0,13,0,0,14,0,0,15,0,0,15,0,0,16,0,0,17,0,-1,19,0,-2,20,0,0,19,0,0,20,0,30,21,0,0,21,0,0,22,0,0,23,0,-1,25,0,-1,27,0,0,29,0,-1,31,0,31,1,4,32,12,78],[0,0,0,0,0,0,0,0,0,0,0,0,0,0,0,0,0,0,0,0,0,0,0,0,0,0,0,0,0,0,0,0,0,0,0,0,0,0,0,0,0,0,0,0,0,0,0,0,0,0],[1,1,1,1,3,-1,1,1,1,3,-1,1,3,-1,1,1,-1,-2,-3,-4,-5,-6,-7,-8,-9,-10,1,-1,-2,-3,-4,-5,-6,-7,-8,-9,-10,-1,-2,-3,-4,-5,-6,-7,-8,-9,-10,1,1,1],[18,2,19,20,3,3,21,22,23,4,4,2,5,5,24,25,26,27,28,29,30,31,32,33,34,35,36,6,7,8,9,10,11,12,13,14,15,6,7,8,9,10,11,12,13,14,15,37,16,16]],[[{"name":"bl_vfx_a_screen_01","rect":[1629,1306,116,116],"offset":[0,0],"originalSize":[116,116],"capInsets":[0,0,0,0]}],[1],0,[0],[2],[0]],[[[14,"rotate_ccw_slower",2,10,0.1,"2",{"props":{"angle":[{"frame":0,"value":0},{"frame":2,"value":360}]}}]],0,0,[],[],[]],[[[14,"rotate_ccw",2,10,0.15,"2",{"props":{"angle":[{"frame":0,"value":0},{"frame":2,"value":360}]}}]],0,0,[],[],[]],[[{"name":"bl_ring_normal","rect":[543,1166,324,326],"offset":[0,0],"originalSize":[324,326],"capInsets":[0,0,0,0]}],[1],0,[0],[2],[1]],[[{"name":"bl_vfx_a_screen_02","rect":[1794,1179,116,116],"offset":[0,0],"originalSize":[116,116],"capInsets":[0,0,0,0]}],[1],0,[0],[2],[0]],[[{"name":"loading_circle_normal","rect":[359,590,162,163],"offset":[0,0],"originalSize":[162,163],"capInsets":[0,0,0,0]}],[1],0,[0],[2],[1]],[[{"name":"bl_coin","rect":[571,417,388,389],"offset":[0,0],"originalSize":[388,389],"capInsets":[0,0,0,0]}],[1],0,[0],[2],[1]]]]