{"CryptoGold":{"GameTitle":"Crypto Gold","ScatterPayoutDesc":"4 or more Free Spins symbols will trigger free spins.","WildPayoutDesc":"Wild symbol substitutes for all symbols except Free Spins symbol."},"InfoboardMessage":{"Win":"Win","TotalWin":"Total Win"},"SettingMenu":{"WalletLoading":"Loading","SettingSliderNumNone":"None","BalanceWord":"Balance","WinPrizeWord":"Win","WalletRetry":"Retry","SettingCloseWord":"Close","SettingHistoryWord":"History","SettingPayoutWord":"Paytable","SettingRulesWord":"Rules","SettingSoundWord":"Sound","TurboSpinEnable":"Turbo Spin Enabled","TurboSpinDisable":"Turbo Spin Disabled","BiggestBet":"Maximum Bet","SmallestBet":"Minimum Bet","SettingSmartBotWord":"SmartBot","SettingQuitWord":"Quit","Bet":"Bet","Max":"Max","FreeGame":"Free Game","RollOver":"Roll-over"},"SettingMenuHelper":{"QuitGameTitle":"Quit Game","QuitGameMessage":"Are you sure you want to quit?","Cancel":"Cancel","Quit":"Quit","ReevaluateBet":"Bet Options have been updated. Please select a new betting option.","Select":"Bet Options"}}