[1,["80pTAcmFJNn6fPcmvgKKSl","3cOV7jBstNtImt52Y1/p5C","dbZB0hWJtND6G6mK0GS+vB","9fTu6Fw85A+6ZNG/mHbe6v","b4RUUVDY9CrL+Umg3YVPRI","f6GcKw5QROV4XC0SpW3CxE","35o7kP+utP/KNq7qZ1ue/y","b2YeIyrJFIOaN+7TqGVI23","4e5CsPeElGiIsJZ9Lf0jL0","5dcVwJ8nxNRJZD8l60DGvy","06hEhdMUFJ8a3fl7DD0nU+","ffJ1lXOidLuKI+8wkp2iV0","afgWoBc/RKerWUkwbloyC+"],["_textureSetter","s_scatter_a","s_scatter_a_blur","s_scatter_b","s_scatter_b_blur","s_wild_a","s_wild_a_blur","s_wild_b","s_wild_b_blur","s_wild_c","s_wild_c_blur","s_wild_d","s_wild_d_blur"],["cc.SpriteFrame",["cc.SpriteAtlas",["_name","_spriteFrames"],2,11]],[[1,0,1,2]],[[[{"name":"s_wild_c_blur","rect":[369,309,93,232],"offset":[0,0],"originalSize":[175,368],"capInsets":[0,0,0,0]}],[0],0,[0],[0],[0]],[[{"name":"s_wild_a_blur","rect":[185,919,93,81],"offset":[0,0],"originalSize":[175,175],"capInsets":[0,0,0,0]}],[0],0,[0],[0],[0]],[[{"name":"s_scatter_a","rect":[185,611,182,152],"offset":[0,0],"originalSize":[350,350],"capInsets":[0,0,0,0]}],[0],0,[0],[0],[0]],[[{"name":"s_wild_b_blur","rect":[369,702,93,157],"offset":[0,0],"originalSize":[175,175],"capInsets":[0,0,0,0]}],[0],0,[0],[0],[0]],[[{"name":"s_wild_c","rect":[1,605,182,452],"offset":[0,0],"originalSize":[350,736],"capInsets":[0,0,0,0]}],[0],0,[0],[0],[0]],[[{"name":"s_scatter_b","rect":[185,1,184,304],"offset":[-1,0],"originalSize":[350,350],"capInsets":[0,0,0,0]}],[0],0,[0],[0],[0]],[[{"name":"s_wild_d_blur","rect":[371,1,93,306],"offset":[0,0],"originalSize":[175,368],"capInsets":[0,0,0,0]}],[0],0,[0],[0],[0]],[[{"name":"s_wild_b","rect":[185,307,182,302],"offset":[0,0],"originalSize":[350,350],"capInsets":[0,0,0,0]}],[0],0,[0],[0],[0]],[[{"name":"s_scatter_b_blur","rect":[369,543,93,157],"offset":[0,0],"originalSize":[175,175],"capInsets":[0,0,0,0]}],[0],0,[0],[0],[0]],[[{"name":"s_scatter_a_blur","rect":[369,861,93,81],"offset":[0,0],"originalSize":[175,175],"capInsets":[0,0,0,0]}],[0],0,[0],[0],[0]],[[{"name":"s_wild_a","rect":[185,765,182,152],"offset":[0,0],"originalSize":[350,350],"capInsets":[0,0,0,0]}],[0],0,[0],[0],[0]],[[[0,"symbol_lang.plist",[{},"s_scatter_a",6,0,"s_scatter_a_blur",6,1,"s_scatter_b",6,2,"s_scatter_b_blur",6,3,"s_wild_a",6,4,"s_wild_a_blur",6,5,"s_wild_b",6,6,"s_wild_b_blur",6,7,"s_wild_c",6,8,"s_wild_c_blur",6,9,"s_wild_d",6,10,"s_wild_d_blur",6,11]]],0,0,[0,0,0,0,0,0,0,0,0,0,0,0],[1,2,3,4,5,6,7,8,9,10,11,12],[1,2,3,4,5,6,7,8,9,10,11,12]],[[{"name":"s_wild_d","rect":[1,1,182,602],"offset":[0,0],"originalSize":[350,736],"capInsets":[0,0,0,0]}],[0],0,[0],[0],[0]]]]