[1,["dceKrHKDJHTYErLF4Vd3/J","3eau0WrYdFtL2XsTRCO1i2","6ciXTciZpD9ZqJxM9vt7TL","a5w88R6ThA07a30+15dA6m","dd9rzicZ5Jc47TcqUKEhhO","f5yEMfjvNHpbJSToBi+GJy","bcV97/wQ1D7KiUWlavxjg2","5bOxjY/o1FNquM0EcmptGg","0a+sur++dIXJ8IARCpbOhQ","7fUZru1dNPQ6PVlQ2TbnY1","b7rO04U7hIerg2YlDrwlU5","f1+BV8NktMZrozXKJjIaN5","abKI2mLiFKnr3+TKcwSH6z","e5YF3WHqpPbZKNucN5pvuD","f8YGORfIlEWIi4KqJFRJ0u","31zQZCJJRK9byYXYSQ5eey","aemN2qV/FFNJl0Hxq6QH76","4cMi/QTmFOCpeMLAUefWfr","7bJzqjGFpPlJJ1S1sN1t3T","82naOHiKFIo7VpUPW2Mhy/","fbGhxaGIpITI7FIGaFLJRV","a7zKdpSHdHyacKn45gCE8D","d6zvWtwxZBRIj8mG/rLYVC","f6O4ikK1RAFJ9ZefrUrAEf","82MTZWeFpC/bnmEcx8em5J","65A3nBc9hMk6kVJu9/o6gs","4d6ULBXmFFoI+s2uL5ija8","f3gH6E5uJLjK122MG3mZ2X","ad6Avwa6hCjrnVUJa2WVBu","edkslBOqlH5LoWWTiFNyCG","53KDdfR4dBG4ZrrkpxHp/f","a13bhi6dZIWruo/gg033AQ","e6t87FK4VCPrWAJXtVfr1l","64Pf67WKJFl7UB/mZ0tQkE","90abkKQe9DNIyZNXYoyaQ8","a0H8I0jjxKOZJW4Q0FSaev"],["_textureSetter","value","node","_spriteFrame","root","data","_defaultClip","effectGlow2","effectGlowStill2","effectGlowStill","effectGlow","symbolSpine","symbolSprite","scatterPayoutPrefab"],["cc.SpriteFrame",["cc.Node",["_name","_opacity","_components","_prefab","_parent","_contentSize","_trs","_children","_color"],1,9,4,1,5,7,2,5],["cc.Sprite",["_sizeMode","_isTrimmedMode","_dstBlendFactor","_srcBlendFactor","node","_spriteFrame"],-1,1,6],["cc.Animation",["playOnLoad","node","_clips","_defaultClip"],2,1,3,6],["cc.Prefab",["_name"],2],["cc.Node",["_name","_parent","_components","_prefab","_contentSize"],2,1,2,4,5],["9d923R/Y7hASpKlDRgBLp7y",["node","symbolSprite","symbolSpine","effectGlow","effectGlowStill","effectGlowStill2","effectGlow2"],3,1,1,1,1,1,1,1],["cc.PrefabInfo",["fileId","root"],2,1],["sp.Skeleton",["_preCacheMode","node"],2,1],["cc.AnimationClip",["_name","_duration","sample","curveData"],0,11],["a4ba3WbT55P7Y1p4IInT+KW",["node","scatterPayoutPrefab"],3,1,6]],[[7,0,1,2],[4,0,2],[1,0,4,2,3,8,5,6,2],[5,0,1,2,3,4,2],[2,3,2,0,1,4,5,5],[1,0,7,2,3,2],[1,0,4,2,3,5,6,2],[1,0,1,4,2,3,5,6,3],[1,0,2,3,2],[6,0,1,2,3,4,5,6,1],[2,2,0,1,4,5,4],[2,2,0,1,4,4],[2,0,1,4,3],[3,0,1,2,3,2],[3,1,2,3,1],[8,0,1,2],[9,0,1,2,3,4],[10,0,1,1]],[[[{"name":"scatter_glow_add_02","rect":[303,893,262,260],"offset":[-3,2],"originalSize":[300,300],"capInsets":[0,0,0,0]}],[0],0,[0],[0],[0]],[[{"name":"scatter_glow_add_09","rect":[1,1,300,300],"offset":[0,0],"originalSize":[300,300],"capInsets":[0,0,0,0]}],[0],0,[0],[0],[0]],[[{"name":"scatter_glow_screen","rect":[0,0,372,419],"offset":[0,0],"originalSize":[372,419],"capInsets":[0,0,0,0]}],[0],0,[0],[0],[4]],[[{"name":"scatter_glow_add_11","rect":[303,1,300,300],"offset":[0,0],"originalSize":[300,300],"capInsets":[0,0,0,0]}],[0],0,[0],[0],[0]],[[{"name":"scatter_glow_add_20","rect":[591,605,206,228],"offset":[5,2],"originalSize":[300,300],"capInsets":[0,0,0,0]}],[0],0,[0],[0],[0]],[[{"name":"scatter_glow_add_24","rect":[773,1383,196,216],"offset":[7,2],"originalSize":[300,300],"rotated":1,"capInsets":[0,0,0,0]}],[0],0,[0],[0],[0]],[[{"name":"scatter_glow_add_01","rect":[295,1155,258,258],"offset":[-4,2],"originalSize":[300,300],"capInsets":[0,0,0,0]}],[0],0,[0],[0],[0]],[[{"name":"scatter_glow_add_27","rect":[797,937,184,196],"offset":[5,4],"originalSize":[300,300],"capInsets":[0,0,0,0]}],[0],0,[0],[0],[0]],[[{"name":"scatter_glow_add_19","rect":[773,1581,210,232],"offset":[5,1],"originalSize":[300,300],"capInsets":[0,0,0,0]}],[0],0,[0],[0],[0]],[[{"name":"scatter_glow_add_12","rect":[1,605,300,300],"offset":[0,0],"originalSize":[300,300],"capInsets":[0,0,0,0]}],[0],0,[0],[0],[0]],[[{"name":"scatter_glow_add_03","rect":[1,1481,268,268],"offset":[-3,2],"originalSize":[300,300],"capInsets":[0,0,0,0]}],[0],0,[0],[0],[0]],[[{"name":"scatter_glow_add_18","rect":[773,1143,216,238],"offset":[3,2],"originalSize":[300,300],"capInsets":[0,0,0,0]}],[0],0,[0],[0],[0]],[[{"name":"scatter_glow_add_13","rect":[281,1415,240,252],"offset":[0,2],"originalSize":[300,300],"rotated":1,"capInsets":[0,0,0,0]}],[0],0,[0],[0],[0]],[[[1,"scatter_payout"],[5,"scatter_payout",[-9,-10,-11,-12,-13,-14],[[9,-8,-7,-6,-5,-4,-3,-2]],[0,"68Ufla9BZOlIY5Q/8piEz1",-1]],[6,"scatter_glow_add_02",1,[[10,1,2,false,-15,2],[13,true,-16,[4],3]],[0,"1a4t1UizBHXLIYMMpzlTaF",1],[5,225,225],[0,0,0,0,0,0,1,0,0,1]],[7,"scatter_glow_add",102,1,[[11,1,2,false,-17],[14,-18,[6],5]],[0,"28CtZXx6VGU4gjP/hHcOpQ",1],[5,250,250],[0,0,0,0,0,0,1,2,2,1]],[2,"scatter_glow_screen",1,[[4,1,769,2,false,-19,0]],[0,"727upxwOtMY731gakqdUFd",1],[4,4278190080],[5,372,419],[0,0,0,0,0,0,1,1.43,1.43,1]],[2,"scatter_glow_screen_2",1,[[4,1,769,2,false,-20,1]],[0,"ec9wYGMEVEZJpdR9jm8zBe",1],[4,4278190080],[5,372,419],[0,0,0,0,0,0,1,-1.43,1.43,1]],[3,"sprite",1,[-21],[0,"15H9Gx8SlL568xBz6PvE22",1],[5,2,2]],[12,2,false,6],[3,"spine",1,[-22],[0,"18Ha0uJbFOK5eRzZlm/99i",1],[5,181,301]],[15,0,8]],0,[0,4,1,0,7,2,0,8,5,0,9,4,0,10,3,0,11,9,0,12,7,0,2,1,0,-1,4,0,-2,5,0,-3,6,0,-4,8,0,-5,2,0,-6,3,0,2,2,0,2,2,0,2,3,0,2,3,0,2,4,0,2,5,0,-1,7,0,-1,9,0,5,1,22],[0,0,0,0,0,0,0],[3,3,3,6,-1,6,-1],[1,1,5,2,2,3,3]],[[{"name":"scatter_glow_add_25","rect":[799,521,190,210],"offset":[7,2],"originalSize":[300,300],"capInsets":[0,0,0,0]}],[0],0,[0],[0],[0]],[[[16,"scatter_glow",1.6111111111111112,18,[{},"comps",11,[{},"cc.Sprite",11,[{},"spriteFrame",12,[[[{"frame":0},"value",6,0],[{"frame":0.05555555555555555},"value",6,1],[{"frame":0.1111111111111111},"value",6,2],[{"frame":0.16666666666666666},"value",6,3],[{"frame":0.2222222222222222},"value",6,4],[{"frame":0.2777777777777778},"value",6,5],[{"frame":0.3333333333333333},"value",6,6],[{"frame":0.3888888888888889},"value",6,7],[{"frame":0.4444444444444444},"value",6,8],[{"frame":0.5},"value",6,9],[{"frame":0.5555555555555556},"value",6,10],[{"frame":0.6111111111111112},"value",6,11],[{"frame":0.6666666666666666},"value",6,12],[{"frame":0.7222222222222222},"value",6,13],[{"frame":0.7777777777777778},"value",6,14],[{"frame":0.8333333333333334},"value",6,15],[{"frame":0.8888888888888888},"value",6,16],[{"frame":0.9444444444444444},"value",6,17],[{"frame":1},"value",6,18],[{"frame":1.0555555555555556},"value",6,19],[{"frame":1.1111111111111112},"value",6,20],[{"frame":1.1666666666666667},"value",6,21],[{"frame":1.2222222222222223},"value",6,22],[{"frame":1.2777777777777777},"value",6,23],[{"frame":1.3333333333333333},"value",6,24],[{"frame":1.3888888888888888},"value",6,25],[{"frame":1.4444444444444444},"value",6,26],[{"frame":1.5},"value",6,27],{"frame":1.5555555555555556,"value":null}],11,11,11,11,11,11,11,11,11,11,11,11,11,11,11,11,11,11,11,11,11,11,11,11,11,11,11,11,0]]]]]],0,0,[0,0,0,0,0,0,0,0,0,0,0,0,0,0,0,0,0,0,0,0,0,0,0,0,0,0,0,0],[1,1,1,1,1,1,1,1,1,1,1,1,1,1,1,1,1,1,1,1,1,1,1,1,1,1,1,1],[6,7,8,9,10,11,12,13,14,15,16,17,18,19,20,21,22,23,24,25,26,27,28,29,30,31,32,33]],[[{"name":"scatter_glow_add_15","rect":[567,893,228,248],"offset":[-3,1],"originalSize":[300,300],"capInsets":[0,0,0,0]}],[0],0,[0],[0],[0]],[[{"name":"scatter_glow_add_06","rect":[1,907,292,292],"offset":[-3,1],"originalSize":[300,300],"capInsets":[0,0,0,0]}],[0],0,[0],[0],[0]],[[{"name":"scatter_glow_add_22","rect":[799,301,190,218],"offset":[9,2],"originalSize":[300,300],"capInsets":[0,0,0,0]}],[0],0,[0],[0],[0]],[[{"name":"scatter_glow_add_10","rect":[1,303,300,300],"offset":[0,0],"originalSize":[300,300],"capInsets":[0,0,0,0]}],[0],0,[0],[0],[0]],[[{"name":"scatter_glow_add_04","rect":[1,1201,278,278],"offset":[-3,1],"originalSize":[300,300],"capInsets":[0,0,0,0]}],[0],0,[0],[0],[0]],[[{"name":"scatter_glow_add_00","rect":[535,1415,240,236],"offset":[-3,2],"originalSize":[300,300],"rotated":1,"capInsets":[0,0,0,0]}],[0],0,[0],[0],[0]],[[[1,"scatter_controller"],[8,"scatter_controller",[[17,-2,0]],[0,"67gCy+MrlJ9KlhEu6s8Fl5",-1]]],0,[0,4,1,0,2,1,0,5,1,2],[0],[13],[34]],[[{"name":"scatter_glow_add_16","rect":[521,1657,226,244],"offset":[-2,1],"originalSize":[300,300],"rotated":1,"capInsets":[0,0,0,0]}],[0],0,[0],[0],[0]],[[{"name":"scatter_glow_add_07","rect":[605,1,296,298],"offset":[-2,1],"originalSize":[300,300],"capInsets":[0,0,0,0]}],[0],0,[0],[0],[0]],[[{"name":"scatter_glow_add_26","rect":[799,733,184,202],"offset":[6,3],"originalSize":[300,300],"capInsets":[0,0,0,0]}],[0],0,[0],[0],[0]],[[{"name":"scatter_glow_add_23","rect":[603,303,194,218],"offset":[8,2],"originalSize":[300,300],"capInsets":[0,0,0,0]}],[0],0,[0],[0],[0]],[[{"name":"scatter_glow_add_05","rect":[303,605,286,286],"offset":[-3,1],"originalSize":[300,300],"capInsets":[0,0,0,0]}],[0],0,[0],[0],[0]],[[{"name":"scatter_glow_add_21","rect":[555,1155,200,226],"offset":[8,2],"originalSize":[300,300],"capInsets":[0,0,0,0]}],[0],0,[0],[0],[0]],[[{"name":"scatter_glow_add_02","rect":[0,0,225,225],"offset":[0,0],"originalSize":[225,225],"capInsets":[0,0,0,0]}],[0],0,[0],[0],[35]],[[{"name":"scatter_glow_add_17","rect":[1,1751,220,240],"offset":[1,2],"originalSize":[300,300],"rotated":1,"capInsets":[0,0,0,0]}],[0],0,[0],[0],[0]],[[{"name":"scatter_glow_add_08","rect":[303,303,298,300],"offset":[-1,0],"originalSize":[300,300],"capInsets":[0,0,0,0]}],[0],0,[0],[0],[0]],[[{"name":"scatter_glow_add_14","rect":[271,1657,238,248],"offset":[-2,1],"originalSize":[300,300],"rotated":1,"capInsets":[0,0,0,0]}],[0],0,[0],[0],[0]]]]