[1,["4cFX3qsWNMQYO+QTJQJ7PX"],["_textureSetter"],["cc.SpriteFrame"],0,[[[{"name":"blue_4","rect":[211,479,44,48],"offset":[0,0],"originalSize":[44,48],"capInsets":[0,0,0,0]}],[0],0,[0],[0],[0]],[[{"name":"blue_3","rect":[206,919,48,47],"offset":[0,0],"originalSize":[48,47],"capInsets":[0,0,0,0]}],[0],0,[0],[0],[0]],[[{"name":"blue_6","rect":[144,1144,48,47],"offset":[0,0],"originalSize":[48,47],"capInsets":[0,0,0,0]}],[0],0,[0],[0],[0]],[[{"name":"blue_5","rect":[134,1291,47,47],"offset":[0,0],"originalSize":[47,47],"capInsets":[0,0,0,0]}],[0],0,[0],[0],[0]]]]