{"paths":{},"types":[],"uuids":["8aZVyHmgZMN7ru6RZg6iXv","01IYjwmqhPY4CWh3f0Y8Bl","01fJfh8eZNdr2NI7zzrmae","02QvnSJhlFhKr0gW98rBPd","03Qzm1VdVKGbxNNfIvizWB","03w3avlHhHr5U4A9pOvnCS","04Inbq+yBLJ6hKEoiiOHRq","06Z683n2FC0I7pEfN48slb","0cBHZSWnlLqrzsk6twTj3W","10SEPGUgtBKanWWvopNrgp","11fMLgJJ9DKLipDRBu8U9z","174/WGLfRO+L+Q4BJrWZY8","1aY5XimF9LorKnFxwWPyfn","1fquq3/tNPSLRPg/F4ylRR","20JxrZjOhN6YZe7EuW7+3G","21H/sypZtDyas2ZHvSRzn3","2b+vgTfiFDa6YP8dZ2sgVJ","2dI2qbPphCaYqZ6e4J7ql0","2egruC0tFD3oyJM4yXLMch","2fBsyuGuBNnJ2+XxFvzIhm","31z772hVVHcZBenpJUICfz","36zHQZkXBNf5xV51ImQ/Ml","38Gg9BuZNAFq3XABr9kZfR","384TlSPqtHQJtIPNogjEzN","39ZTqrFYtE8oaDKqPxDsqV","3dybckRCFHJKSvYpccib97","3d6Pg4+fJPK5RpJyUqfxPJ","422ImogFlEsrB2tIHO7rwp","47D8xQGWtD+ZHPdFYcBu/Z","4aOVCmX2tNFbba9K6MI+CX","52inm+zBhJVI7nj9HoqqZz","532wD9XltOmLI+5omV5hM6","55VNzxt3dGjZGEFhpz1hDg","56bWDyuMpNBqU1Q1li//RE","56lSdIzP9A3a1uGcVhRAsm","590buQqb1EgJmL9Uk3ElrI","5dLCvIZd5MBrx0j6qNdf9X","5eBLpR4/ROh7VzDWmtuQjX","62IZqR5M5Eq5Kfl1lRYvt5","641w67RCtBUKr3GiipzABy","66AttJyzZMGaWXRZseXVI8","68348UDrxIUY83AaQ8XHcR","6cvm4GOqpJZIJKkDWvKBY0","6fNHH48HBO7p7dii6b/vXR","73MsZXHZ5F4am38A4pNpdb","789gyyu9xGZZoZgmXtvHxk","7cXOOYtjlJgpFBbDfSAtC3","7dBe7ohdxGBYQtsWiqQFYH","7d8BCtGJRKp49tDCQZaPbd","7fZu6rkjlDV5YnaPE8uMoQ","839+zODtxLareZJEOXrbjP","88JYta7v9HkZp9gzgv3nkc","8bnikNJn9LkYK+/0gYekAD","9204Xud7BDeqDNTy+wv2Sy","95X6bQfvBKnaroiB2BjlYx","97gvYd5a5NdL/tF1bYsFI2","98DOytH41IFZ5Te+6+45rO","98gk/2RDVAub8SmLEU4b7r","9eRncWvxxEbYojm+e+Cuo/","a2MjXRFdtLlYQ5ouAFv/+R","a22OuDifdB+ZW5XGIDLIZf","a46nQvMDhAWI5w8IhvHOd6","a6ouPExTBHGr8Qucwz8awJ","aafM+9buNFhotloDZ/OWrC","abOmx/1lxHeais0AzavNn9","acfig8vYtAjqeHnJezp/Ov","b38joN/HxI7ZrYfLBC5sFT","b8Z8Qg1gFMf4J/im52NfOF","b9aHKvbpZOG4DQfv+TWzbO","bc8LUxCzdGj6pZ7CHfVzsu","cclTvR419PdoeI8Z+Jwdzi","cd41q7tLBDZYe/xNM/9u0y","cewrro9rVDQqmLe8Kv3KrF","cfjbox1KhH1ogLS/IdWECm","d3euf5OKdKmr1JbSnlEV2q","d9YQvd44NAaLPUdss6BeDb","dazcuTmXlD/6L14PTDmsvb","dcHIWb6XBFrJtvAR8v6Ks1","dfMRbaiSZGJ6QsH8L2Z/gP","ebiECS+M9P6YF1Nzj/WNzh","ecfzDB5glEbqnpPe5Nn3Rz","eeRsFAteZC/buit0lU8utD","efGkI2KApAdpwTi/rR1NeO","f1flj/qxJK5pueTdt4UDCm","f37oEDPINHIrkjqzQBzTbx","f4a2UAlvhC/ZgC5goCNz7N","f5/l1dKnZCjrKDtQad/0wX","f8T8eOUjFGp67qdpnPKd/v","faBXXMJsFPlImBvra7k4zD","fbqNleez5CjrQtG4I7/rwy","feg1ixmoRMTIjfW3INjszZ"],"scenes":{"db://assets/imports/scenes/main.fire":0},"redirect":[1,0,3,0,5,0,6,0,9,0,12,0,16,0,18,0,19,0,22,0,26,0,34,0,36,0,41,0,45,0,48,0,50,0,52,0,53,0,59,0,64,0,70,0,71,0,74,0,76,0,78,0,81,0,83,0,85,0,87,0,88,0,89,0],"deps":["resources"],"packs":{"08fdcfb36":[2,4,7,8,10,11,13,14,15,17,20,21,23,24,25,27,28,29,30,31,32,33,35,37,38,39,40,42,43,44,46,47,49,51,0,54,55,56,57,58,60,61,62,63,65,66,67,68,69,72,73,75,77,79,80,82,84,86,90]},"name":"main","importBase":"import","nativeBase":"native","debug":false,"isZip":false,"encrypted":false,"versions":{"import":["08fdcfb36","8b378"],"native":[]}}