[1,["4cFX3qsWNMQYO+QTJQJ7PX"],["_textureSetter"],["cc.SpriteFrame"],0,[[[{"name":"brass_1","rect":[168,1063,23,46],"offset":[0,0],"originalSize":[23,46],"capInsets":[0,0,0,0]}],[0],0,[0],[0],[0]],[[{"name":"brass_4","rect":[213,314,42,46],"offset":[0,0],"originalSize":[42,46],"capInsets":[0,0,0,0]}],[0],0,[0],[0],[0]],[[{"name":"brass_3","rect":[209,775,43,46],"offset":[0,0],"originalSize":[43,46],"capInsets":[0,0,0,0]}],[0],0,[0],[0],[0]],[[{"name":"brass_9","rect":[211,529,44,46],"offset":[0,0],"originalSize":[44,46],"capInsets":[0,0,0,0]}],[0],0,[0],[0],[0]],[[{"name":"brass_6","rect":[156,1340,43,46],"offset":[0,0],"originalSize":[43,46],"capInsets":[0,0,0,0]}],[0],0,[0],[0],[0]],[[{"name":"brass_5","rect":[209,823,43,46],"offset":[0,0],"originalSize":[43,46],"capInsets":[0,0,0,0]}],[0],0,[0],[0],[0]],[[{"name":"brass_8","rect":[156,1388,43,46],"offset":[0,0],"originalSize":[43,46],"capInsets":[0,0,0,0]}],[0],0,[0],[0],[0]],[[{"name":"brass_7","rect":[201,1340,38,46],"offset":[0,0],"originalSize":[38,46],"capInsets":[0,0,0,0]}],[0],0,[0],[0],[0]],[[{"name":"brass_0","rect":[206,871,49,46],"offset":[0,0],"originalSize":[49,46],"capInsets":[0,0,0,0]}],[0],0,[0],[0],[0]],[[{"name":"brass_2","rect":[211,628,43,47],"offset":[0,0],"originalSize":[43,47],"capInsets":[0,0,0,0]}],[0],0,[0],[0],[0]]]]