[1,["ffTWuMuB1DU4hzWw2n45CJ","18/TthDDJD36UEdG+wz8mc"],["_textureSetter"],["cc.SpriteFrame"],0,[[[{"name":"button","rect":[1,1176,463,194],"offset":[0,0],"originalSize":[463,194],"capInsets":[0,0,0,0]}],[0],0,[0],[0],[1]],[[{"name":"bl_vfx_c_screen","rect":[1,353,390,390],"offset":[0,0],"originalSize":[390,390],"capInsets":[0,0,0,0]}],[0],0,[0],[0],[0]],[[{"name":"bl_vfx_b_screen_01","rect":[831,1209,220,220],"offset":[0,0],"originalSize":[220,220],"capInsets":[0,0,0,0]}],[0],0,[0],[0],[0]],[[{"name":"bl_vfx_b_screen_02","rect":[1053,1229,220,220],"offset":[0,0],"originalSize":[220,220],"capInsets":[0,0,0,0]}],[0],0,[0],[0],[0]]]]