[1,["1aY5XimF9LorKnFxwWPyfn"],["_textureSetter"],["cc.SpriteFrame"],0,[[[{"name":"block_gold_d","rect":[1,1,184,602],"offset":[-1,0],"originalSize":[350,736],"capInsets":[0,0,0,0]}],[0],0,[0],[0],[0]],[[{"name":"block_gold_c","rect":[369,1209,182,452],"offset":[0,0],"originalSize":[350,736],"capInsets":[0,0,0,0]}],[0],0,[0],[0],[0]],[[{"name":"block_gold_b","rect":[737,1059,182,302],"offset":[0,0],"originalSize":[350,350],"capInsets":[0,0,0,0]}],[0],0,[0],[0],[0]],[[{"name":"block_silver_c","rect":[553,605,182,452],"offset":[0,0],"originalSize":[350,736],"capInsets":[0,0,0,0]}],[0],0,[0],[0],[0]],[[{"name":"block_silver_d","rect":[1,605,182,602],"offset":[0,0],"originalSize":[350,736],"capInsets":[0,0,0,0]}],[0],0,[0],[0],[0]],[[{"name":"block_silver_b","rect":[921,455,184,302],"offset":[-1,0],"originalSize":[350,350],"capInsets":[0,0,0,0]}],[0],0,[0],[0],[0]]]]