{"paths":{"0":["atlas/nl/lang_packed",0],"1":["audio/mp3/bgm_totalwin_end",2],"2":["atlas/vi/lang_packed",0],"3":["lib/setting_menu/texture/landscape/setting_menu_landscape",0],"4":["atlas/lang_packed",0],"5":["audio/mp3/bgm_mg",2],"6":["atlas/pl/lang_packed",0],"7":["atlas/my/lang_packed",0],"8":["spine/zh/specials",7],"9":["lib/setting_menu/texture/anim/turbo_vfx",0],"10":["atlas/tr/lang_packed",0],"11":["lib/setting_menu/audio/list_item_click",2],"12":["audio/mp3/bgm_bigwin_end",2],"13":["spine/symbols",7],"14":["atlas/pt/lang_packed",0],"15":["atlas/id/lang_packed",0],"16":["spine/zh/specials",0],"17":["audio/mp3/bgm_totalwin_main",2],"18":["atlas/fr/lang_packed",0],"19":["atlas/en_stkus/lang_packed",0],"20":["atlas/it/lang_packed",0],"21":["atlas/sv/lang_packed",0],"22":["lib/setting_menu/texture/hd/zh/setting_menu_locale",0],"23":["lib/setting_menu/texture/hd/setting_menu",0],"24":["audio/mp3/bgm_fs",2],"25":["atlas/th/lang_packed",0],"26":["atlas/ko/lang_packed",0],"27":["atlas/symbol_lang",0],"28":["lib/setting_menu/texture/hd/setting_menu_locale",0],"29":["lib/setting_menu/audio/menu_icon_press",2],"30":["atlas/zh/symbol_lang",0],"31":["lib/setting_menu/audio/wallet_counting_above",2],"32":["lib/click_effect/texture/click_atlas",0],"33":["atlas/no/lang_packed",0],"34":["spine/specials",0],"35":["atlas/zh/lang_packed",0],"36":["atlas/da/lang_packed",0],"37":["audio/mp3/bgm_bigwin_main",2],"38":["atlas/es/lang_packed",0],"39":["spine/symbols",0],"40":["atlas/ja/lang_packed",0],"41":["atlas/ro/lang_packed",0],"42":["lib/setting_menu/audio/slider_effect",2],"43":["atlas/ru/lang_packed",0],"44":["spine/specials",7],"45":["atlas/fi/lang_packed",0],"46":["audio/mp3/sfx",2],"47":["atlas/de/lang_packed",0],"48":["prefab/reel_transform_wild_controller",4],"49":["spine/h_miner_a_atlas_symbols",5],"50":["lib/setting_menu/prefab/general/setting_slider_single_num",4],"51":["lib/setting_menu/texture/hd/setting_menu_locale",1],"52":["lib/setting_menu/texture/anim/turbo_icon_up",3],"53":["atlas/vi/lang_packed",1],"55":["spine/l_q_atlas_symbols",5],"59":["lib/setting_menu/prefab/others/land/payout_button",4],"64":["lib/setting_menu/prefab/others/rules_button",4],"65":["lib/click_effect/prefab/click_effect_layer",4],"67":["prefab/featurebuy_controller",4],"68":["spine/s_scatter_a_atlas_specials",5],"69":["lib/setting_menu/prefab/others/land/more_menu_button",4],"71":["lib/setting_menu/texture/hd/setting_menu",1],"72":["atlas/nl/lang_packed",1],"73":["spine/zh/s_wild_b_atlas_specials",5],"74":["atlas/fi/lang_packed",1],"76":["atlas/pl/lang_packed",1],"77":["atlas/ro/lang_packed",1],"78":["prefab/bonus_loading_controller",4],"79":["lib/setting_menu/texture/anim/turbo_lighting_style_3",3],"80":["atlas/ja/lang_packed",1],"82":["atlas/th/lang_packed",1],"83":["prefab/symbol_pop_out_controller",4],"85":["lib/setting_menu/prefab/others/land/hide_more_menu_button",4],"86":["spine/h_miner_b_atlas_symbols",5],"87":["spine/h_pickaxe_atlas_symbols",5],"88":["prefab/multiplier_controller",4],"89":["lib/setting_menu/prefab/general/back_button",4],"92":["spine/h_phone_atlas_symbols",5],"95":["prefab/spin_button_controller",4],"96":["spine/h_card_atlas_symbols",5],"97":["spine/specials",6,1],"98":["lib/setting_menu/prefab/others/land/rules_button",4],"99":["prefab/infoboard_controller",4],"100":["spine/h_laptop_atlas_symbols",5],"101":["atlas/en_stkus/lang_packed",1],"102":["lib/setting_menu/prefab/others/history_button",4],"105":["lib/setting_menu/prefab/others/land/sound_button",4],"106":["spine/symbols",6,1],"107":["lib/setting_menu/texture/anim/turbo_vfx",1],"108":["prefab/totalwin_controller",4],"111":["lib/setting_menu/prefab/others/turbo_spin_button",4],"112":["lib/setting_menu/prefab/others/land/quit_button",4],"113":["atlas/zh/symbol_lang",1],"114":["prefab/main_background_controller",4],"115":["atlas/id/lang_packed",1],"116":["spine/l_a_atlas_symbols",5],"117":["prefab/way_win_controller",4],"118":["prefab/free_spin_count_controller",4],"120":["spine/l_k_atlas_symbols",5],"121":["lib/setting_menu/texture/landscape/setting_menu_landscape",1],"123":["atlas/sv/lang_packed",1],"124":["prefab/get_free_spin_controller",4],"125":["prefab/big_win_controller",4],"126":["atlas/pt/lang_packed",1],"128":["atlas/ko/lang_packed",1],"129":["prefab/win_effect_controller",4],"130":["lib/setting_menu/prefab/others/spin_options_button",4],"131":["lib/setting_menu/prefab/setting_menu/land/setting_menu",4],"135":["atlas/es/lang_packed",1],"137":["lib/setting_menu/prefab/general/setting_slider_num",4],"138":["spine/zh/s_scatter_b_atlas_specials",5],"139":["lib/setting_menu/prefab/others/more_menu_button",4],"141":["lib/setting_menu/prefab/others/land/smartbot_button",4],"144":["lib/setting_menu/prefab/info_footer/setting_info_footer_controller",4],"146":["atlas/fr/lang_packed",1],"147":["prefab/slow_drop_effect_controller",4],"148":["lib/setting_menu/prefab/others/payout_button",4],"149":["spine/zh/s_wild_c_atlas_specials",5],"150":["lib/setting_menu/texture/anim/turbo_icon_loop",3],"151":["prefab/wild_controller",4],"152":["spine/s_wild_b_atlas_specials",5],"153":["spine/s_wild_a_atlas_specials",5],"154":["spine/zh/s_wild_d_atlas_specials",5],"155":["spine/zh/s_wild_a_atlas_specials",5],"156":["lib/setting_menu/prefab/info_footer/land/setting_info_footer_controller",4],"157":["prefab/fast_spin_controller",4],"160":["lib/setting_menu/prefab/others/quit_button",4],"161":["lib/click_effect/animation/click_effect",3],"162":["atlas/zh/lang_packed",1],"163":["lib/setting_menu/texture/anim/turbo_lighting_style_2",3],"166":["lib/setting_menu/texture/anim/turbo_icon_1st_up",3],"168":["lib/setting_menu/texture/anim/turbo_lighting_style_1",3],"169":["atlas/it/lang_packed",1],"170":["lib/setting_menu/prefab/others/minus_bet_button",4],"171":["lib/click_effect/texture/click_atlas",1],"173":["spine/l_10_atlas_symbols",5],"175":["prefab/scatter_controller",4],"177":["lib/setting_menu/prefab/others/hide_more_menu_button",4],"178":["spine/s_wild_d_atlas_specials",5],"182":["atlas/da/lang_packed",1],"183":["lib/setting_menu/prefab/others/land/max_bet_button",4],"185":["spine/h_safe_atlas_symbols",5],"187":["atlas/tr/lang_packed",1],"189":["spine/h_miner_c_atlas_symbols",5],"191":["atlas/lang_packed",1],"192":["lib/setting_menu/prefab/setting_menu/setting_menu",4],"193":["spine/h_miner_d_atlas_symbols",5],"194":["spine/l_j_atlas_symbols",5],"195":["lib/setting_menu/texture/hd/zh/setting_menu_locale",1],"196":["lib/setting_menu/prefab/others/plus_bet_button",4],"199":["atlas/no/lang_packed",1],"200":["spine/zh/specials",6,1],"201":["spine/s_scatter_b_atlas_specials",5],"202":["spine/s_wild_c_atlas_specials",5],"203":["atlas/de/lang_packed",1],"204":["atlas/ru/lang_packed",1],"205":["spine/zh/s_scatter_a_atlas_specials",5],"206":["lib/setting_menu/prefab/others/land/history_button",4],"208":["lib/setting_menu/prefab/others/sound_button",4],"210":["prefab/bonus_background_controller",4],"211":["atlas/symbol_lang",1],"213":["atlas/my/lang_packed",1],"214":["lib/setting_menu/prefab/others/smartbot_button",4]},"types":["cc.Texture2D","cc.SpriteAtlas","cc.AudioClip","cc.AnimationClip","cc.Prefab","sp.SkeletonData","cc.SpriteFrame","cc.Asset"],"uuids":["0b3LyHP7pMRLU2GNBZT8c5","10Tn+R3bRJYYFYaWHCEVI8","1a9sWlJ8xGcYRM5oFOi4zH","22lqnZQStKwbp2itKv/jia","27fc5yzLhHdKX2zSu2K/an","2743T6PmxMKqhx+zC9mNYd","29lNJZ+4BJSbHxXxTMKBl8","2d3KjoEWVKzbPyHlNtmmPG","2eTXwQVZJKU5VFgGWw37En","31tDZxlrBAMpJvSC5RmZkn","35LFuAYQdJV5UirDptSbay","36c3bdBEFIpbaimkDqGWHe","37sTn6QjxPGY6XjWNfc8m/","44r59OmBhLToOfm+c/wEyV","4e9x4PCJZJsKpVF7B1Pu4H","55kGkndXlCP66r0xViMS0q","5aM2ZZI89BHokezyUkG5hw","5dT7Ta/m1EQrQ+r8ZF8Y48","5fXsfPCP5JobZhXxO73UbX","63MKh0yu5O0qDk3Fjjmt8d","69U+wYnENOd7k9SNoLOivV","6946WMuGxLz6lY2r3HkwX4","73tULYH41JvpYzLwhm+ddm","755QemO8VKoYn/j8Mchu8M","79Q9YalzxIP5C7Wsa0eudj","7bHfwsx/lN+oXOoR0E3ZZI","7cZaCrtBZPUpMPyWlrPqDq","80pTAcmFJNn6fPcmvgKKSl","873OkQSWVMYI2sOjIYfPfk","8dQz7gkPNNaahYZ8JS6gup","9b6fpxZQxEyqfkiOU+Mkcq","a0PoqT6p1LA4t/JT3G9ozp","a0emHyPaVA67szpITHEsY7","a1XXpHMAVOwop4jlAwK+du","a54udJp2tKe75wRvhNz4dV","a60THz6f5Js6QQtKlnREh4","aejjDl5xZCnrwbpbdHWVxM","b5tUGsdaxH0L6unCUXv/sz","b9AKfZxjZD9LUxqsEhD0Nf","c0q4ATNepMvbr5AiFeivII","ccBl7q+TNNGarnmWnfeTqI","cfJdtlyuNOeKj3K1fJ0jYc","d0TZJXuUZMu7O/UDk1TLN3","d4eqaDCLNHE4IG9WNkB4fa","dcCM8mIIFE7q32X5gDZXCt","f1arLMb7JMb5ouEJTZ4OxX","f6BdD7t+1NnoStorbFkMbb","f9NcRBXeFASozWzc5ys/BR","00/D7IpR1MRLExD14LXs2w","01BRKWPQxHUqKf6p6N4Szs","03QEQiHqhPLrQE0HXRDaE2","05cM49Jd5IPpWsETPQc4tg","08TaJZFSFCTpKM6/2/8Pyp","0aeUMG1PdCU5wwYz6JIV74","0e1LjeAwxIzpspybNgSbns","11L5onZctDXKLqg5GNO1ZQ","13IRyJheFCpK+N9/o5BLqR","14b6lucQNLU6MAzTBlXPKF","16QzsuTMVL/bjHR2XnGA6Y","17MsA+5CtIF4/cbSpu+C2a","17pW4xbOxLboQ23xvJjAb3","18zNwf0/9D+L4wCHsnO+li","18/TthDDJD36UEdG+wz8mc","1aY5XimF9LorKnFxwWPyfn","1a4Ls1X19M477cZ5ZpDVTJ","1dfmTFHexCxpeSh2HrcwrL","1fJFIFp9tHmq+4rPJUSIJ3","1f/szataNI3Z4ubmzMG5ds","22aY+8Wk1Ig7lfi9FGzJ9b","22gpPiFL9L37CT0qDNokPT","23ZPqko95CU7i1RjwGkLD1","27OKpY16NCU4xWpDSxorJZ","28ex1hkgxFFI4ct2PlIWX6","29jkeeyfhIqaO1admybMOk","2c+TGCLB1NMLn1t5EdZce/","30fC1zPg1H2Y4Pcyg7uwoI","32ohsivEVIZbqWnX8fDz69","32uqadoKRNfo4bBH6fEWjQ","322VbD/59HBL6Avxh75q5b","393E3xGRJB6JlOeZ1lhWR0","3ciZ9XusdCjY0uU41ibXwP","3dI/P4BhlHNr3WDZcB817m","3dm3xBtUVLAruvOnsKX381","40+OatBuVB1KxNrQZkLBvV","41bq01tNNIpL5h5etpFDWI","42Jm0++sBKOK7O/gy/BCh0","44JPcXfcpEPK9N25s6iVvQ","45uzbdoy5BK63i7HgziI5m","48A7ZUXuZNqKP24yIpXm2c","484KNHTaNDfrM+lf3kJyBr","4cFX3qsWNMQYO+QTJQJ7PX","4eQ7FdcTBPvIMvWh2guu1p","5cEgWXODBOmL3m1SQqDt2J","5eNnTtDxlDfIwVCGDfypyQ","5fEqxvoVJGcayJ+yacONHZ","63TwSYx21FvbQE0TsSQQTP","63UJHTk8RJepfMeqyFNbMC","630oJqTQpFD7Nggg7onFZy","632MF1jC9Ctbhi6DcaVyfg","64v4DMd8FBcolYU8Ll4Jcj","69ka2JLyRNmpxWzwGS5Hi3","6eWbPelnRDCqAp7h/O/hdW","6eX1vHPz1Ppr545GRdbGax","6foyWeDEBFybPPMIIIcMEE","71VhFCTINJM6/Ky3oX9nBT","73xtl+bzVAN4q2K/fwxC6N","746Swc7SBDopawapZrclB0","75uL6mrWBEb7TB3Kdkr43W","75yvJWBtxAtK9cPzDeAVXk","77wmF8BaxDTaHbsxX6YA3r","79eYyVYy5Cp5DhfmZFlgZI","7bR0PPWv9J+64Eu+m6Q3He","7eIXa4CpxIu4pq9jsTOyeH","7eZfos0TFI2bI9Q5DTCaDD","81sYKOpbZBgL9AgnLwakPE","814JIxR9dGAZtFielXLC8H","82tj6AFfNPIJaKa9NdejWv","84jixHRhhAUJxBB8LFMbGB","84wwreah5EFaAjV+zKWl0J","86SV21xYtKEIumAMFl/Cs/","87JVzD+CdNz4tia3OG/98R","879q9vbdFE7b9UXnMp4Sii","8aKOTfUqFN2bXOnuJiJ4+k","8anGVvcF5OfpS5YklYA/eA","8cwqiXt8RCBpkWemRUCtuu","91ly1LEXhHvLYHnCxJ1Awf","9115L8UVNB/b36btkoLhn7","92CL6msbRFKoKSPbv+tc6R","92CSI13JBKFZqYecXhnbJk","949BaIejBFO6iyPpmxCkbf","95Duaf8flBjrJF7bIIOD36","95gOPzwnlE+o4wdzZRTEzR","98EZ8JQ3FGlrTVATeL8GaO","98qIDh29ROSY2u3CilxmLa","99GZ+Qlf1OGKY2a+RH9jh6","99RCclgHFKRapah/61XOMF","9cJ8TtPM5JNpgBx3CRCmBj","9cpeJY8NtGlo2Iz7+hPAmk","9dVEMtLnNMwZzlWVAwQht4","9f91nz6mhAzrPCNpRyJmRt","a0H8I0jjxKOZJW4Q0FSaev","a465B1mTBI3rT7k2H7Lvkc","a5c2cRXLNL47X3dPU/F56/","a65D9/E3JPFplFM6tzEbp5","a8NGW0Iz5FmoYtp2wWEMdw","a86sYfODdEPJ6HSYEmCkoY","a9nJ0hOGNChLyrw9IFMcbH","aa0V5mYSlCHYgS27YNd0ys","ablIS9P4VJn40J2sVTxaW3","abrkdX+SFEb61odBEPqfWo","aehRTVPVNHfJ+I3C8T1eE5","b1JGKteR9AE6WJEdTVWpGm","b1LJO+4GtA2oqzIAL1CjGi","b10Q4G7jBLl7WM3rYLDtAc","b2fUNuvipHGrFpK609ZQf0","b2mbMXIaVNlK1ZWBJE+J1H","b2xCWA5edC6qr7bo4xjFIH","b3W5/pHCBPgonM7DXkJsgT","b3gOTA4khG941iaYjutO7G","b4P/PCArtIdIH38t6mlw8Y","b9ZbRiO1BDsLeZTwo8Ic8D","bdVzb8341HO5RSqGy4JgSl","begVOpcEVNjKpb9tRwfptu","bf5Nikv9dO1I6udsDti50h","c0kE6/OCVMG40vzr7i2R1a","c1bQyjg+lIj5d96zyR2PC/","c2Jmi3BXFGkqcqVAqHyNsd","c2fsHpR3pAEZ0ozeL1pIJo","c3ytrgSltFF6os9uyuXTvp","c3zujj/eJBY4Lua2JN9EUg","c4SRzEdVxAk4tSp6uRqZgt","c4mnEZNmVD2q8ibELZ5qGd","c5mT/ACE5PbqPn1xXhPYZv","c7PokdS/5Cc6DwONvBDt0s","c8Wlc/9VxJFJATr7n6GMnu","cahZrJ+gtIf5DRxDz0Cq4P","cblTWooshBJ6aqeLne0OJz","cdBANGEO9AxppkjsqUe/06","cdsyrcDj5ElIR2fA5Ft0my","cegHNSHtdOOpoKZyORepbq","d0IPYbCWlIYJBGaqpE3pal","d0QC8NszVMIZBEkHCdqXV1","d15Jc5U6lDwpdirzOVu+hz","d6h3uYavJIarQdfPmBRA8f","d6iqYWs99LqKId1pxX4JMZ","dbDN691O9Fo54OwyHn/Xr+","dceKrHKDJHTYErLF4Vd3/J","ddOeo0uPBAZobH64ddNWF2","dd9rzicZ5Jc47TcqUKEhhO","deBDIz9mROWIxQvTR5Msp4","dfhqFdkTlA+q496fJO5vLm","dftlS7g19E2IJIysUa+9Rm","dfzoz27NJPK6dG2GxfeNRy","e1j3OQOF9JHaOi4x2vxx2v","e6tWuMKphBe7Ua/IKZSfZL","e7uTB/hGZMt7vnQe6Wcb/J","e7xi6BRfBO1rTP7Nhh3l/s","e8GEx9JyhMt4pttzlgHq1t","e8Ueib+qJEhL6mXAHdnwbi","eabmp0KqlBRLMDCzt2JSx9","edbgEdS19A/K/sNFejgavD","eeDzUGq9dDm4zO5N79yq0c","ees4Whw/pOLZerGCRywhsU","efx2TU/g1BBZ1c51X0hmDG","f03wuYLBlEELyMjBbwdeL9","f1KJ2bicdEuZph9bfLGk4b","f1UbJM2kpHw5Vly1r9+/OF","f27TnAO0ZB4Zz7MPXcwP1M","f3dCiTeWBN4qsIWpKKJaiQ","f46KPf0N5IkLEqebhIlXyC","f6nuO0YY9N+prwi6JhqGoD","f7dkInlO5NroGYKv+IOT4H","fafr9dnSdPwI+604ijvbEc","fbOdckt79M/p/gljRgyve7","fdMZfeRqZCmq73xtPD7qp+","ffTWuMuB1DU4hzWw2n45CJ","00DgRQZiJIkJWwHRzx2k9d","00G9klq8NFuaQh6zYo8uSt","01A9Ct+JpBRKPEXPhjvRCO","01EAe3KPlPC5oItTEbOkHn","01IYjwmqhPY4CWh3f0Y8Bl","01SNK2sVdAgbDVyiQMXFjv","01UMAZH0dGJqVftWWM5ihW","01tRPRHMlIeLfrb/6Yd9+m","013ZD22QlMxoQABoHKnC2I","02QvnSJhlFhKr0gW98rBPd","02WHp5usJHkaWn0h6afhnq","02bqTHVlRA9p9Gk0hsCj+u","02cjfIyvFLwqQ+hTZ3LzRh","02c7eUqXdM7KBQTIlKJk1t","02delMVqdBD70a/HSD99FK","02/4eSas5I8ZOIDaNVoTa9","03ViB0bTZH5LlTsM7bWhQP","03XV6WLDdMuIIopUJHwzFw","03qkT8oR5DB7qZ+iSBQwJm","03w3avlHhHr5U4A9pOvnCS","04Inbq+yBLJ6hKEoiiOHRq","04XEfge31BxpmleIviyYi9","04ihN/2e9FBJVRPGUqjUtT","04lrIXmZlCbIppXCk/Re31","04oDxphxxIyKifXsAId6F/","04p5M7n25BzJqd7x8lFlYD","04qH/dp4NIfqwBTsPcftt/","04v/fEpMpNlLwLlDmXqth+","042dIn0+xJJop6IrVAXHW8","047BuiZSxI/7PMm9pKNsoh","048yl5D5VIw5g0HYN+NQdJ","05TKvAVS1OcqUH08K614i9","05njgQRdxMl4pOLU79qDkh","05zpIQCMNF56ju8GuLY6sd","06hEhdMUFJ8a3fl7DD0nU+","06lf2jCw1Nu7B/ONjoRtZ3","067ehSNuVJfaFZ1dAA+8jn","07IF+nRsVBPYnf50u8nSRm","07JHApg2RJgrjwYfP7Y4Ak","07NCeZVhVLhpdJ4+4xqkyx","073TbA8tlDEqgIPSX5sz3X","077HRNnyRNxb17fl94e43B","08RVB6odZJUbzolPNhhlD6","08cHLO4plHB5w5GiDFvC/e","08r4dPEFhPXao6oE6fr1NU","080ywXPyxMJbhpd53jj3hJ","09FdCeKXVBPrwGTfbnbIbf","09O3CW+AtOtpUMpBjlBNU8","09W+V1eLVAD4GzPja414JT","09b/ZrBuFNxLC9M1ZFl2MZ","09lfP48NRKOICbWV30jCoX","090C+I8JpFEL1tsCHUVc6Y","09449MVqJH94pqeazluAab","097U6K+zFAmLuL8Akg6an8","0aDsy6dzJDPahyZxbooSXl","0aVsA0ErNAqZtCTz5sdZPh","0aYsBF+R1HOLde9q15mhsD","0akiY5jclL+57VxXmqHm0H","0awP7yM9VOkb9Ner1IR+JY","0a+sur++dIXJ8IARCpbOhQ","0bB76S7rtHl7apu8L71o29","0bNxXCyFRMfoRfJZjGRoAL","0bU2pE81dIMrXhEzkTgSXc","0bvfuDoSpFdpFhTboCrDHU","0cKRbQmhRAdYYyfIghjfrr","0cO34oSulKXq6Uh8QKCFEx","0ctTBeRAhIrp8SrlEFnlei","0dADqpOoxFf7WUjVW1DvoC","0dHwpEH1NFHJaCwhuJmZFF","0dIBYhSH1DD47sIquHJk9T","0dKJl4Ft1B3qELMsJVouPf","0dodoJ6EZGJY3xvsbqRZ0I","0ds66gFZpAFKAxxmi24jG7","0d/V3CBcRHcaus3wmBv2hc","0eOk1O/BlFfZsIT9fY6UKY","0eYymGJ2xEMbi2Md/owLAT","0ecgnrL8xEIbJh/bLsN4aj","0fH0bGg3FM1r64LlH83jL/","0fh40vHadDeLCPxLbPhrg0","0fqmBS/B9K44yu1Q8PR/37","0f2V5GFX9GMZN4YQNYjA20","0f5QlPXVFNNIctmVk2MntL","10CTXn1MVKm7wU3RIlYuGU","10Cb/mvKJCtL6OcSi5Ym8z","10DxALZ2RG4pygGDLWQHl5","10ET8/crlKe4a/T+O+xUJv","10Hg9Th4RGQJK6bHahtUvo","10HtyZ6nhCSKMr+uCIXdRG","10SEPGUgtBKanWWvopNrgp","10W1cy1wdLSJraMxqupyep","10kVGH7EdKYaei14w/YmGa","10tpaIb39K0rvfrdI5px5J","11RJ366+RLd6tklYJXf3Pm","11aZOEeuxGO47Ren5SbRWx","11bw5RlylBw5hc0G1ljuoM","11o/xxebFPFK7QdMmGsQ6R","115xwUTSVDg4J3YWW00vWn","12Hf2yS8ZBPKG1Aga9LM0p","12Xiw8ATFKx6kscbtrYvQp","12gvjI535LW5uRuW4HwekA","12hdmTaMNBjaKZq2f5MqM/","12kCHUHM5JhrK1u3lIDBvw","12nlzSSjpBHI/7W4aSHd79","12vKtdUvlD2YzT3WWJaYiC","128k5nndBORKAZmRso8tGt","13MkAf5o1CYYDz8AqjEBCe","13PqXETQNFEqslUn5MeuQx","13lq2cFQ9Nc7iCRI8s+tir","13lvvp9sZIIJULJQ74FZZi","13nq1WOp1MzqcdpLtFJWu3","135X69GrhOk7NnrwgCCWDp","14Cz0NL1dHfosX7tCbpokn","14Gl/D+jdDvopd/0TMrZgz","14LevC23ZHZIB166H2Gl1+","14PR4f4KlJ/ISDpYcH8azB","14P578iKVI4pYUFLft8LH7","14T3pCEtNI8ZdIEaDrsW35","14U+Nw7C1BnLPm7+1OaMQF","14ZiaRmQBCk6dc8hKM/h69","14rHWgkXVKdre/5M3NmeBa","14wBpnn6ZPnqc2Qw75Y7gP","141ONX2y9LjIz4cRuaCXzR","148reIeotCsaLWxB9wrF9V","15Ajfwjb5Op5Mlu0ym0Wsq","16T3p0I01GmaSckQU9sVtr","16VNRlXDVJTpCKAOJ324Ro","16dtTErJNGaJtQKfUu/PBy","17TgTT/vZKtJwhU/q+CXXS","17ZYTbUB9E7LRrUaNQ047W","18DC+xDVpDRq8PckbSJfzQ","19BdDKe6JPQJcNb42uNvPT","190mSWoeJJVr4Bc7VFDojS","191jzLoMtJ75LZTL4nCkoR","1aKwDIzPVJFoPZ9Y12XXtG","1aLlccIhFNMacbyJtlwyQI","1aQ8bjqmhCbbYtFZlns6Zt","1ag5bITOxCwqA3ZyI6Kalt","1a8o3Tx5BDAIrxxPPwGvsp","1a951XF7NHAKfQT58SShqB","1btZpSQpFIR7l8CYrJIUz6","1b3z+llExMwoUQb0oqNo2/","1b5yUOCs1Br7O4kgGkz29W","1cBl0/yZZKIaTGJ1ioH2eR","1cXJH0D6NP1J+m8vO2jyKz","1cXNyDkHRHPY75av2T+r8L","1dBKbp6MpAVrsoYoFc75m5","1dB4oQd1pHVrNyqxxZLs8i","1dOvfiyjxI5r8cUCJ9XuH7","1dUFJWgYFOWqxP03SOUNv8","1dXkcJP89JDIYyjdQTVSn5","1dd74mPBFFZag9bMiSd/Af","1dgGRXYSxAX6MwwiKaFhs2","1dyfAjTpNNnJPvyIalzOJI","1d8Mg+gPNBBYqL0JJia7KN","1d+U8tcnZLXITfSxTHVGpg","1eAr2ch9dJhKmplCSP4dVV","1eJx+UQPVE8aWXrz0I7ySX","1eMnE5bohEpKWIQdH1A/NU","1eRdz76wxMLom4HVt6HieA","1eT4xQFo9EMr+tWGsFuFnd","1fOrO8vcdPGaLOnUHicnOO","1fq3Gc9K5DE7b+RWeEh3J7","1fyPengw9EVb1WUUChbXZR","1f7tx3sWBFD5GyusdPSWLQ","20F+dC45FIbrvAdHAl0BmP","20M0WYOE5BMoTjj+6ho0UP","20gOD3Eh9LCZQDU8p3Yrgv","20kktyRoNFDJUjpghNqj3+","20nRPQ/tpC/6E/jcTgwxeJ","2066urSaxE5adhaQqmAPMJ","21kqFMmUNJ8IAu34y4gCBE","21rKtv1DdBoYQMeP1qONo+","21tMLXQfxFKogkbEtvhnPQ","21vouzKB1FQ4J03mBA9mBc","22XGxC4fVDIJfZLuJJ84ih","22edqvTnZEmKLtV51J15AI","22qJgZfgFBcJXEH06hO/cT","23NB+JqJFM8L/vDrqad5+w","23cRh7rtVJS6W5/SUOiaRn","23rYokPUJGGZei6P/KGz8w","23so478LtDO4eLhxET5TNc","24VnSIwBBO460WHyHSlEMz","24cZBrj2FNo7Xyg3VRxutO","24en8MZHRBXKuX+zdUsReA","24uVyXVxdK66VSJeedIPaW","2469TdghdKDo2EWu8UwnrA","2496Zs7z1GxKBlO1/VxYVz","25I13E5zpIWaiJIVgzW0ZQ","25NTYSMDND+au1+Ul/AKKv","25WL7tp0RC8pHAEU5fVmUC","25ax8AeN1L4KuflS78QgGX","25gRLuOKVFuoDxCKBPQYTQ","25ku4IFX1I9qyYgHY7V/cu","25qOLa5XVGfoGYIw7VymRT","25wM1Tk1lONI/J4CnWmhN4","26DBlY7HVG8qseDPFAzPlD","26VSCtS0lCjauvMa32kki3","26ziUgyrhLBqCnodjIU8LH","263kdU7IdKsbYkRhQnptN0","26/Qvgit9KHrZtWq+ydnDE","27EkqxBnNMDoWrbyDBHRUE","27HNfSC2NInKC8r++WguSE","27QytJcUVMrJe1pXksd127","27R+AhYYFPJobKFeePYukB","27Y/kAhBlO+beUIMnJksnQ","28MXxrAVJITa15bcnaTX20","28VF+cL7ZARoLM9lad6VEx","28XoUUaBtNQpXQ5r6VKAR1","28aGY4Zs5P34Rga77feMGY","28lORj9KBLnbdeuP7sn0ev","28pqlfWQVEKLNP/VoEdRB7","29CGbhY6dG7JKJQKFcD8mq","29C5Q9g+RDxZBv3H2no5W3","29FYIk+N1GYaeWH/q1NxQO","29IkzE2btLC4VH3x/k5CU0","29Uor0ZxdIjpQfwus6r2+O","29Za/2sh5L76TPVGXCODSJ","29yBhYoHtKh5iRb25iWiu5","292pCsLNhIFYOi6DzPapDk","29+uTfZcVLO5Ec1eWrIHtp","29/S6F9fRCYKbRbANfYQa6","2aE7FK9qZLw4/W2LcU5c4A","2aHV5M8OVC/4zM9SIPTnsy","2aJBI5Pc1OqaCC8OaF1S1X","2aWPakZnlBnJnT4I9YddLX","2arYvC3ZxP676Oa3FsEtl2","2a1Zim339P6oZ9T6Y9w7Jf","2a63WncFBKIpfuw/AQlxIc","2a72zWiqhFRqa53teAfosk","2a8hgQ2fFM6rSsXHn5YyUH","2bAoTkvSpFbbXkFZ8chuXt","2bGONlfOxEkLL+6Lchlafc","2bQZn4vxpOZbd2k93Y8p2Y","2bddUhm8NOX6f+G/zIidI9","2bkKUWfntIjoxQ64ImwSlL","2bnpdHnxNPdLrBicmz1Wgz","2boLuu2HZGs6XFrKDu2SR+","2bw6sS/6dDT7gMTGSJR7w5","2b+vgTfiFDa6YP8dZ2sgVJ","2cQX7XKxBKw5tGZgmyQ4be","2cR0scUOhF1Jg2rJVklYuF","2cZRHSp6VMd6B4omPy0jPc","2csCPEqslDCLGzAsnNbXHh","2cuM0mJl5KwLufqJ8M1F9c","2cxNjZAvVMMrtZNY04QbR9","2c4NvqddVDIL98n79d1v7p","2c5k81tWBImoXJUpgN9pj2","2c+9AZ7MZO9KcBfrJP4JPs","2daEssMf5BWbks9wadNfMd","2dy6kmQH5OfIiPfmyYS3n8","2eBLslWmRDEKbb4H6LOkRd","2eC2mEzQhH/Kv00k7myex/","2eX5RcziBNqq3jD7I5TRgv","2egruC0tFD3oyJM4yXLMch","2e3bUDSatN1Y55W1WDc2ER","2fBsyuGuBNnJ2+XxFvzIhm","2fTzWyZjxHyp5NFZm7usLD","2fX+oFvHdI15uFcbbzeLDz","2fcGYDBaxIrJB3BiQiV5Nu","2fe60FxP9Jp6llPYv0pFga","2f2N3JZUZLyYV0u9k4uA+q","2f7rKJSsRF94x+d8uzr3Cn","30ovVRuChONaaMuut2Il01","3098zljLtJb70PwaB2SWHG","31L7UxEadJEp7DrvTGhw5W","31MFJ453hAMa3eTP9BKKqJ","31O5pExfVBooWRmZv3xkda","31WY3MzklPIrG6AWAoPX0e","31YUwp7yFPc7MBKdhwvX/m","31eRVJcTtEtb/yq3htuDS9","31zQZCJJRK9byYXYSQ5eey","32MNlm/aJIBIA2Emh3EAs6","32V/6AeT1C+YNsH4QdHz3e","32qCOs7eJIJaxQSNmfP+Zq","3239+QH0hC/bNvwSarJcET","32+KEk5d9FGYBwmn3ImQVA","33AG7Jn71CMojz2w2710KS","33FTxq+ZZAtbFnRRQCXu6z","33LfOizYpMo6RK80fXiP3V","33RpxhgGxAJqZ2MMZFD22t","33eYuhvtpHk5efr27RoyCA","33te+JLrROepHUUFE0aQbp","33t6vawjNJb5Gvl0wC5i02","337WRzsRBHc6nLSKvXrYXS","34BMY5n2lMLLqxsx9Dwt1a","34EtYCBVFDELDi2TM1VUAk","34vA85iHhABZ2Kg33tUJjP","341BTE5+pElIrFUu1TRhYg","341pjOThFK9pE2w9O+EQWq","343s7n8zhI1raUY73uf8PS","348NdVJSRCcKbkKliZWo51","35WCqxpBpFnKo73B8pVduI","35o7kP+utP/KNq7qZ1ue/y","36K3nA+NNO0r6acNOLBgZ8","36LVa4+HtDha/eoBn7CtBr","36S9mosL9A9bN4ufdXfKpk","36Xtz2astPvIag8b5aIUus","36ZrwFoyBN8qeuvraARg4b","36v40rerhMn70bW7xCIKlw","37a/cvoWRAZLVdGpjnL7Wc","37nli+PP9Aob4ztZv0igfs","37p1gjd91POoeaAK/TvjtQ","370QC+JK9G+rhJ2XwDPyLX","37+RpUhgBCA5b+lr5x5s1U","38Gg9BuZNAFq3XABr9kZfR","38ICmzI8dNlqV8KUOewW4a","38SWkVQsJKLIi6f4WN+wKp","38SXdGVpFAqrdvagGrIrOf","382N3HW2xCNp1MCpIADWwo","382s3NNxZAh69mAuswk0Jf","39Tk3GactBOJessoy9WD/n","39b/a6O8BJr6LNYSWQsqjv","39nZgW86hJUKF/LAMJR+Kw","39oL/2E1VD7JLZJ3g3z+qJ","39xe2Nq0VN37mmP8AQh72S","3928qbnAZJbpI/tV3gcRd1","39+Ud7gVlKjIwtAlJWRJXC","3aChspN45Bap9Q8qKj0Dtz","3aOZmGHepJ7YiR0IWf0obt","3aUDR7B0dPwIWP+bYOJQHg","3aXcWZkA1HhpXMMvidQta7","3aZ8m2+bBIh6RRXMiMutjx","3apUca2Y1AWqPpKubIwcjP","3aqrfxi5tAs6umy7hU7C1u","3auI00YqRN+qu7es1pq+RG","3bBsGoc2xMYaau5HlyKzAh","3baRcQwXJJoK9cEpgpM4sl","3cIc9k6yxMz7ElHVtrWHY0","3cOV7jBstNtImt52Y1/p5C","3cXyc0Ze1LqZHdT+iPGB3I","3cnotQsMxJgYbZbABwUeGk","3cocQnJXlGf4dY17j8Ou8e","3cs8HV8+BLn7PztHBYXK2r","3ct8mUBkJKtYlImCPzcQ+9","3c1Q/Os0ZCjYmcFiqXm2qO","3dKM/76qhMEItIV2ARrfrF","3dM3mlybFDLZYMKLGyzvlk","3dOt5aEC9BSob3X7LG0+Xb","3daP2V/jNLBa9tIoc0SB/W","3deiFv6wdKapd2FHjTg5Yb","3dfRDDVaRDdJ2/TzT5mZXK","3dnXuoHu1KPpfStYJqe1M1","3d6Pg4+fJPK5RpJyUqfxPJ","3d6UdpJwBGuLBowI8R9InF","3eBro3PDlNJJhpGEWNmoV8","3eLDfn5v1Cx5wUjEhegoLn","3eLHRGKRtOfq1duqp9/7c5","3eau0WrYdFtL2XsTRCO1i2","3ea2USd7VCRZdaeV4Rnnf9","3ehVgA+dJOGp+JclZWtqyv","3eoiP23M9OwrCf6E9lokOu","3exomlQe1Naa2OOxtK/hIf","3eyvODlCNBupWZgr95msHX","3e1LbuJotCXYNn/EuQM/7b","3fGCzHi8NEiKQUSgUF/Sum","3fQtf0ZbpJm7BRC9cl1ZAE","3fSAJ3jydBjrPSplGkoFSv","3fkpVkoPxCxIHVyE5nqZTz","3ftqDkzMNH/ITCqvAaYIgx","3fuAXEHudPuo5rTcYKNmXF","3f23xFlzpKqL5S4PJyR0Li","3f3BKDRWRI2L3E52q6dIL6","3f6JzAmhFExrybQgyloeZ7","40wsmJFghAlLZf2EeAGpLg","41NbWcwkNEG4Ud7w13RjN2","41QqGXJfBMqrjBjTAp6F5V","41dGGy3khPLYs7a1PaJcp+","41dNhEG1dE6JmdAagqnR4d","41giRU68BBGqlGNpJONliy","41grTV7RNOlpKadWSUu9/r","41kmq5/ihD6IW7Cy2ivn3l","412TUOIO9MAbgWr3bgEoao","42jAljp1BBNpM6Nla+4a++","42pGQ2Pq1KwbLa6iI8FdQQ","42q2Mlz6NMe5w0u7hKDcYn","428Zn8j29A3r5oU6a7YvCs","42+ESwwflPi5BYEQSNF+J2","43T2n5tTxIXK18lr4coWOI","43cESWfp1FAIzu3avJh4gI","43rJTZovdHMplVloa0cWB5","44WBbYRehGSo0e4ISi+VRs","44aHoqXD5GuaknKUWFrEsH","44a3KHS1pHrof0xXC2ZMKM","44lPpfEdBK1ZaBYXqzFm8Y","44yBrd4mlCz6qTDRHVQdma","442GCWhtpJo57NrWW7oLlG","44/bYTjflEn6itEZ7gs5vl","45B4GI1I9IqKMSpoYjfbmH","45RWAaLlhHz4l+Nc1EfTYK","45XUiOispONZfIvIcwVdSK","45mfZXa3ZP/JgfA6QVm72/","46DTms2eNKI4hKVwznfeJM","46ZtreUiJDR4XBjniUIt93","46cYqBUr9ELasOtjRz4rOQ","46g/GltgpB9qjtutKfYb2w","46n3Vi4e1OVKWB/rRFDFYf","46oqT8IxFFFo+q3F6lsBIr","462Azc5LVGZZYd4mQqe25J","47NyFktiNL2ZXVQsA5t8db","47jGMXgKhN/J+3eIk030QY","48Pi6l5iBMmq8Th6byGye+","48TyxGRzZB7qQCKUVhLtgk","48biFGkjtPfY6HtJYYzDuZ","48+AVXUBtNXqkgnLt/I/1c","49NsZ46OlN35D0N7K7X4LC","49U5yYSIBInZ/BC5/HKm4x","49pOlgYqFCF5QUGG2jxZhu","4936BAALNPH4O37ceORKU+","4aH7UuDBhHY4cQmQBuTJBW","4aOzDtfJZHN4JJTk99hN7j","4aO4I8wLhOzZ1OJjE4cah0","4anXwkFVdIrrLNTPCORxjQ","4antzZ1KZJpqqNtkh3x3lB","4aqbp15uBPx7tx/4nUYGUz","4a0t7ESblHLYIdiOYm4voy","4a49uF2QpFDbv+pRR1uDt/","4bFl9wdSFF2aQdIkapyLez","4bf5ofxKlE/rHvrze6Ei2+","4br6xiwM1JJICiCDIbYzh2","4btgtBHCVC/YiqUAWDawzA","4cAZXNizxGyIhMVpQTwl+Q","4cMSCy+HlLbLjZ6h91zfko","4cMi/QTmFOCpeMLAUefWfr","4cQrDRXDBDhIdObARiSxD8","4cSFPBC1JKRZENWWg107B+","4cWvrettRIz5D3POHz8N8J","4cX158xWBP1JRcn7zvd4l8","4csbwrdPFC8ak1fRw2Mkye","4cz01GZ3FLWJITKGKAOlLo","4dOVVpVJFKepfSRCi4P4rv","4dbB+idlJEarP2dwjP+qpG","4dd8TV4UhC4q1ilevd4YAY","4de4PM4S5AuL3gC6Q9quWT","4drIDsjZxG4piE/Bom5DFg","4dvHUcPe5McJfwIOIr6/Vl","4d1m81fOBCi71NZVfwzdt8","4d3/TE269KoKZLey77R2nj","4d6ULBXmFFoI+s2uL5ija8","4d82iGfTJInKZMCBLpIF6F","4eXbZxGGZBypoXVm3mTU+j","4eZG2kuqpCnJk8RTQv9/l1","4eb52MUaxAo6/hWYXOmqYV","4ehclq+PpBvpGLkHxPHQvU","4eq+NIW+hFi6FSvPLsYwd1","4e0Ru+FkVHkrvjwHtLpEbF","4e5CsPeElGiIsJZ9Lf0jL0","4fVOx7ochD9aSrr/iY5VAr","4feDC3C2RDPaWFGiqdh03B","4fhw/70HNGwbtPnySc0+Nm","4fiPV9Hy9OqLHO9BNOWrLN","4f+GZM7y1F1aKhD09J2doF","50W9hDfaJEB7MKOWz/9+zZ","50f1KORpdM+Ywuy+8KpCE6","50qcjeT/ZKA4OItl6evhin","50x+ZgtuNKJaVeRCdjHB6C","503yjDLLZBr4Y/+R3Gcd4D","508uq4wyhKsbAfw+PZAe4Y","50+7cco+5EH6zPUT4MwAHK","51HzwMqGBHzpYKa+MScsMB","51UucbswRDX4KxTh/mH6+q","51YGQtgn9C/ZeY07u/kzYG","51d9NOAs9LrZwMiamafC+t","51pYgDYdFOF751d0vZdtT6","51qUFrzEJMb4/yobbFzLNv","51qcBHkSlOWIYz3DfvZtIc","51z/rJbLBNFYhbWflxMUJn","52gWzM539Ka4iGfsCaITZR","52hAMWk4JDLJgv7ZhG7y/d","53Dxv9FXhGupJfXkDz+w8p","53J6D2noxOGajhB70X0NGL","53J82ag99OdYhGHby1+maD","53KDdfR4dBG4ZrrkpxHp/f","53b0Z09uFBp6Z3d6iUkZ4B","53gaY9zMpOJoek6sZVCHYn","53gt12TBVL7YQHJzVXCzrI","53vgeYrzFAPolDM3BExRUg","53v/XXboBPNqOUN4aUS+qs","54SoXLaTBLAZp5Sp3N/lFM","54eBP+ShFKMLuiSelKIpNi","54nOzgnF1BU4Kyz6JiAwx/","54ouTczL1An4GJwcIShcxj","54ynKNrmRHebej9FXUGFrB","547H3GjYlKOZrbW7zwCzh4","55Bb5MJetDQLJW/oN/YiCD","55CLBkj5REjbkYCNLoXOYF","55KO04DGVDH6GO1BIpgwdK","55O/kjqZJCb5LgiDnua87K","55RGmMMJRPoqZx6kPHfk8K","55WTD7JchKkLI7OPD2L6O6","55ZJON+6tO65sGfevYdi9u","55doS/ZK1EIbW3fgtOHnpn","55q4bCmeFHTI9q1k92yau5","55tUNKKKVAI6PIhEgKkNl6","55tZgB7GFLOovLVUWTjTB/","56LVU30r9H7ZxaJGwuLwgr","56MsBMW6pCcKfDsXaOUwiK","56lSdIzP9A3a1uGcVhRAsm","56l6xiAhFJ7ZoHMG0W41bP","56t/ETSZRP3KQYgjyEunue","57BM7uPAJH1bKkFJdjCXC6","57DZPDhBZJ9LlcJxrdVc9A","57DvOBGFZHlYneZpKIfXII","57Xr8UTkNCe5ZT128VGrKG","57mjcrTVpHY55sgZkUTOUN","57yVgpxktLdIO11WEjsaW9","58OJuDXsVKNp+hSzXQWLS3","58QY+eqvZAf7HOIVywAU6A","58dYSEDp5NZL19k+mWGNsW","58sX/5G7FNQJw4yl3BWhdc","58tJy325xIK4drZfzHZ4CZ","58/n1bfZ1EtbH+cAe3C50O","59NsT92lpH6rqnEKs8ulnl","59T3n/6C1MS40tFDrdicD0","59dsZcwklLHIMMpfIOu1bj","59qFcUclpMF7YWeegf5F/c","591xN2+PBEXoUT63/rHwZY","596CMxRplCyKL4iLT/Uk2x","5999tH2NdLDo5+LGFqCdrE","5aGJmpfatOQ7jvX1YuBBp2","5aIDPOw/NFgbw5wjJn/ven","5aIrVwfEdIubcIvS/Ci7eO","5aTuSwi/dKwY0IFuWbc00U","5aWKwDlUJGAL8lgy4N40aJ","5abQNakJNLT4xgJiiL7rcL","5aeRXJ7yRCqZCDfSZusPLf","5a/p5c44tDf4DKDGgomFH8","5bM96XJNJJP4nKS1XthdVu","5bOxjY/o1FNquM0EcmptGg","5bdNvThxRC47QJfvkoP8ji","5bhur9QFROQL/MP+1qWysv","5b2D6dPB1Ahorpqg9Gh3ss","5b6aNLPJJBqJbENCV11ET/","5cD6UxCbtDEpWY0fqH2zCF","5cL5H96cpD/J+FeKyBwqjZ","5ca8D9h8VA66DNFZAmZZhP","5c1kuESidCa43DdrR+e/oq","5dBBkMT/RFQL7tbxe4t/hy","5dH11RCn9FgZ6O950YGEF8","5dLCvIZd5MBrx0j6qNdf9X","5dL9EvCE9Gsp9FCiMh2moa","5dXheQG45MB476U0Bo40vb","5dcDB8X0FDQZ9kPyOKMMnK","5dcVwJ8nxNRJZD8l60DGvy","5dhYfe9TlFc4JNLqtoyqa0","5djxyLLxRKZqkfSBYds7zF","5dq6NSKlNDXKf35LRZO2sY","5dzmp11EJPNoeVmARdN0k1","5eDh7zKwtLNYqeRnOovk62","5e4hXtsxhJ+LYdTE14iKnb","5e7W+BfOBNPYnD70kICJGv","5fFFwFTMhFeY3qSsCzkgrL","5fH7jfce5KkIhkr4nMWFw9","5fJ87Aq5xCfYr8wGJv4SjC","5fMESYK6FDVJKkCedFLuvj","5fWMZ7h7tDdY3x2EAolTEZ","5fXQ3t2KJEQrYz1KNyEmv9","5fZ2L/EHJP1oAfKBfx6vJy","5fevc3C0tPx7uuZy0377Ky","5ftWRxgp5CRYtJn59p2Bw9","5f9LkTHY1Dq4toT4lMT1I0","5f/4aD1TBAPqTLEo/bBb6N","60FoBtzHBPzoQNvSsFHEz9","60HIpRJpxD6IfkoGxf81iz","60NLAjIz9AoaRcAgWhmzAU","60Pm8Xz7tPY6f/5A8psYKj","60WS23BMFCUKwIbd4CQ0Or","60inhba5lF3aTn9bomNgmK","60ynYpQqhDV5QGeuEYrnrO","61BdIYIwpNCqiVoN+43iZv","61fu1iBwpKKaVD2E4effp+","610srKOoVNW6lO5et9kjwt","62ASfHCDNJToMyFsqQk2j4","62Dp/CIyZHUIvbs++mBldk","62Mbd56s1CZIUbS+3nPaC1","62TE1pozxJY7PktYPd64j5","62UtG0PAtM/Z4xfkS+RuaX","62qDcwpVhKjZCbv7rOPSEi","62rA9osqlOI7lRzDilBY3u","62rkhp/8pM94CApF58/FOz","63TcvOic1IDKhxj95DU4Ex","63jv+cTZFCgr9gS96MgjTb","63sTELLrxEqpzr+80aGzH1","635EUWQp1AUJQ8sBasHdlP","636kyfDjhKeoKfXyFePMbN","63/eoDtgxDjY+qjpA7zf5O","64FP8vIbpHB4FIUMyUSBAj","64Pf67WKJFl7UB/mZ0tQkE","64raGuBzhLxYm79PgjA1fP","64y/eB8lNNTZRo8iP/Ohhl","646Iqz00RPl595hbd5gSn7","65A3nBc9hMk6kVJu9/o6gs","65KSaKl1pIQIs5GqJp+xV3","65c8NXo85AtaWgfkJ3uas+","65qsIaA+RDIb2ddVslgGWF","65348mP7RK/6WNK9QKHBaF","65+xCy6BlFQ7forCcD42T+","66CexG+AhIaLXtg99qlMeo","66GudZSmdJb54Bh0Rs3Otd","66M1Hw1dVEEbPOcI7VV5BV","66Z2JCL4VHqoyR9SI1n9bn","660RKiFbJLXLOCQU4JrpZx","663mG7KSBE+5mWG+icEUrB","665eWiA5NAmpQfaZXBbIKC","666t5uPl1Kr5l/hkqLnCWZ","67AIxDMZFGUokQU+JbMPtm","67BowVNVlDKrd5xxjN9XVi","67Oc6G6chHN5GZXM/Od1kT","67ts6YMg9OLJFjUgz/DBd+","671rvN3h5LjIOARXiPsg4k","673FPp9W1E1adaxvUHRAYR","678DNzG+9NC6E/Kj6FGRjl","68LAzj5rJNVp7qeIzoaaPm","68RZiT/v1BQb1OFBQqWjII","68SOt8hn1MobSmSBia13XF","68Y3u+Jd5B0qyRVxoegi6b","68czOldU9BiJOhZTBf4TBV","68kf/fJqNFSYZAO1lI1aFR","68pOnEgGRMlZ16G/4SdXAO","68v36F+n5DHZ3u5WzCXY8P","68348UDrxIUY83AaQ8XHcR","685vBjuQ1Lkbuhk7X/pKyY","689o0FMQJG4JfID9L2OZ2C","69NdouphBOqYt//pqAn/nE","69ZpZrDoxHTJC22rlAkmB6","69zCE9MTlCJJeI6GhlFLgf","697PbtSLhGh5xyN0V9YkKg","699k3u7j9A85xxVZ+QsXSV","69+JgfnFxJfaUybY7nWpf4","6aOyU56u1NVp5uHEXARFXu","6abfM5dQNIR6jav8p1BRGk","6ab4F+OeFIjqG2Pu55vupr","6bG1MeFY5MCoSlB8hPMU3q","6bP2uhTcRBfpRiom2DovvY","6bXyQ5ne5EMbdpJ+KY1StX","6betWo3SFNkosKLQ+EPCRw","6brTVTtUVPaqYCS3Mn5ZvN","6b/4qWw9RAbYtSdZXHz7fr","6cJuA/7epIarS9ePIhm3dd","6cdk2yJlRMgbNZnZRSdnUn","6ciXTciZpD9ZqJxM9vt7TL","6cqWX++dhKPLco00Jd7Uk1","6cz6ensz5Lq6hbppqiZCGM","6c0FnM7nZCD4hs/RaUKroS","6dI3pAsfFDSZhbcOy43Mz0","6dUTspaBtKha9xBwtPhqlv","6dfR5SNNJNl5Uk5uZDyNkK","6dfdLucGZGtLhDBo3PckgM","6dt0ybIXlMeKF41Wh/4p4E","6d9xY3vQhIpLalgh96/WFm","6eKG6gz71DHqI7nA3I0W8U","6eUseid0dFZ4nA8NR/+ubS","6eyXlPIrpI3oZg/QITjdlw","6fLs+/bmJMAJQhCumD81VH","6fYuOrPDlMYrA7thnnCblZ","6fYvmtuqVOTo+ToCE2xLa2","6fvoCYN89GP5jEPOCJPuid","6f2SvSxfVOOI4mv0YH+Kfs","6f4Sc/hftNqK2tNrUoJTqc","70HtKvVF9KBrhD/KZ+yPSl","70I9mWEuxM/ZdF8ATXWtYS","70NLymzpZHLKdvvcqGdY2f","70m+2NlPRJ/p1LTeNGYu0D","701gDDMipIv5RwrxP+9YW7","70+Y8WZnJI4Lv+KNmDrnqg","71g2LCpNZKIbAHKMOwTneX","72Hu100ixF6ZWcisE6/r3D","72H6umQNNLmKP8096OXHjZ","72o9W7xy5BApV8sd44UayB","72xOt/cxhMXKXe0cctJOJj","73S8buxoFGw4vjn/Detulw","73fBZpUntJg4pNk5Ej8iQz","73jb1IWqROq7/eQsJO5Rtr","73ktT3OMBEZImRt7q6sZcB","73ufY6DeBCub4yTkgZGZ7u","73/SvitCRDVZihzI8WDWIr","74F3pBpLFHE4NF+099vqK0","740RNQfG1J1qFSneXzb4jI","747f9KhaZMDoe4D2ZYHzgh","75IGDEAjVDUpqecXL/ERMz","75ReC0QqlKY7AoBkVaH8VE","76fUGSMbFDs7yAZLdmO9P0","76q2vTGxBJqqinE7sLibrn","761nGoMqlIvqpgNtYUrHmv","767f2vPPJB0Ju63IGmSBpw","77eRXcClVFLrij8GjJP843","77iS7BpNBCc5PgFTjfK36J","7718vFhZpH8o1HWdrNxY8F","773GJziXxLR414l2oowRpn","7759mRc+BAz6q9iEZ1xaif","78EJ82+CBKdawIgI9WVxMe","78EqTsvflPAY8vdgnSzxF/","78GoHaunpOfoFUb/fDPiv4","78p8x2h1xL5Jc5JroHN8Uk","785NH1MTdBaIMDghfFjroU","789gyyu9xGZZoZgmXtvHxk","79R88HJARMMIsSXU6Fm/z1","79VvObvnJHw6yCmsBy2Q+s","79zLKSnJNA6JiGZHEfYBFa","7912nqdbNOsqRWYQQmnXX9","796COYy69CTLQSbByraaQS","7abcVsPYlK16qPSb49E7LC","7af+FIT+dDy5FDKJK36LMC","7avcQwuypLDJPVO7i4Zhov","7a5SAdyEZBR5n6LhGMARjq","7bEMCDA1VJ5pkGwZCBwuca","7bJzqjGFpPlJJ1S1sN1t3T","7bQsYicahAJobn+TT3CLFb","7bQ2zgbmlPFL4KWGqNRa8H","7bZZ0g6bxIjr1XKoNmJzuc","7bar6ty85NTbfP3z4iN1OL","7bnSVhlxVGlJ4M4KCIH2Of","7cAsDhrYRFNpWXgr8DB8BL","7cCYShCbBKWrFI6G5abslr","7cDnWAbhZDtLsoGqYGpB8a","7cEC3YSLRIbLsBQdvIGin4","7cFkC6tFdFpI+5OQRzIpE4","7cQQhCJZhGKZyUbIHOK3gO","7cxknpIQFD+Zlo/c9QMnbf","7c0pEGsAdA+KV76E+T1vhn","7dAbE2a9NBRJ0lX9yyo5Mw","7dKK4Z12tLN6GUd9F7i2ys","7dPMdTvS9ED5yVNjl0OD1U","7dTBbuYHlLfZep01SSIU9z","7dfF02O0pL14nX5V6hdXX7","7dk/2NfMxOTZf//ZiI//j8","7dng0n2pdNR5ShSeJjSiWW","7dqPMeqY5NNLSe9U+POvw7","7dxmibMAdKe4oX+z5npVdM","7d4CAd1vhHL6ia1DqS40Vr","7d5BC1LJZB8pQyWRK2Exxj","7d8BCtGJRKp49tDCQZaPbd","7eGVJum01A56dNktdonWEL","7eHBNfelNPnqvnrWyBG5zE","7eOViOIH9JOKHU6VWOWCE6","7eQV/CQzhNMqibSXyUFvYV","7eeJzv0XNBYZ5a9M3+go0X","7egbb7mKtDm4HozWfSGv9y","7e1jmr9CBEGJWffLRQdRxt","7e6h/PnN9MHJoPx0NxBKPa","7fC2JVMYVN0aLf6r/LT4EH","7fDmAgGmhF6bk/H6LlS2mY","7fUZru1dNPQ6PVlQ2TbnY1","7fcgOUt29MibMpOvFvileH","7fnAbakzNPrKVR5COsbg2q","7f1gW5+q1DiooOcqlnVG/t","80EADZXsJImY3F8Ca9167o","80qwBJpiZBQr5rs2e5/YWG","80yVfnqMhMpqSwvH8M9Agb","803sGah9lNsYlGS1WsW69C","805eX6WXBGca0sWN0rCT/+","80+xsZurpFdbJl23X7pj86","81DIGZzW1AX5JHUqXcFT31","81kFmhQl5Fo4JvV+RGaz42","81zo79CXdJ74izt8YHbiQB","82C8ny8fpAibbxMhWyBZ2s","82MTZWeFpC/bnmEcx8em5J","82WCcOal9NVK0BC9e0h4Kj","82cHPW+DZGh61PDOUkWaKG","82naOHiKFIo7VpUPW2Mhy/","82y+4hzYxB96uOfwt/0r3p","820AMD/BJCyanWVCgWbxAp","83FgGIfE5M3ZNG4vquSUMG","83JhyLADNCFYL28RAZUqqf","83ShuGJ0NEK4VhQip6wnuz","83XPek8qNNi7YX9SwUCcJL","83jSlk8hZEG4Go13u2P9Pm","839+zODtxLareZJEOXrbjP","84CfR3pfpMULns4LI2ceit","84Sn5jsTZN45Sonoi9fbPM","84U/SuN1FPGK4rD3U0wU8b","84YRS8FmRPpYbA8H6TpEam","84g92dr2hG5ZeHQ+ZH8noM","840sFUmEtBqIudz3RG1mSl","845SxTxPpFxorH8dITJHp0","85KPYJ5eRMupo2HBw99AD+","85Xj6s4t5EObKwBNdgpBAi","85lhRQuqZBRJt/BkbGqhxP","86Lz5x7XlIGoQxMXosBU7X","86VDFo3FBCGpgePgWU0WMf","86tBDaw3pBxIKrOq+Hy+75","8674DQxClDDK+ijZC4MwX3","87XNuTj39D8prbcJ8IdxOI","87YRDfZIJD1L8xWQlQMQuB","87evCblx5PzZfJLjgkhHxn","87kxQvpK1AgpGNGCVgn+gm","87k2Y9LSBAPaYCR0VvdhMV","87mDuhcxtJTYlc9ZBrQCLs","87ordwGaRHLJwSr/SWsRJX","87pgbOKfxEOaJxdM5VWlO+","877f69G5VK07IJAL3q2+Dm","88FKo+Pr5FIptrm6yh/t2g","88KtX97gNPJZvBBFxBfqFT","88xOGVBOpDUrJJY0m9yISM","89D8j9U+pLJKqHg9aUgrhc","89xF+he21DHpft81RIAgo0","89zFVSK5xPpZ/QhIZ7Bo8G","891q2n4GpDiqaAknmkvEa8","898DhMGoZFybcFfHNZanxJ","8aOHZUE6NIX5NVWMdVS/FA","8abZzcB8xHoLRnp+mYrDow","8adz88nOZIjJMPxn72xh+v","8ag9HDZaFMvqXgB+aIbPgo","8ag+onUoRDrJCgDWp0T3fQ","8ap9s/qqVGtIFn+PrKngbG","8aqtVkgD5HSqny0nt896uI","8a0M+n+4pOhJnPlfagQvuB","8a440Za/pDsJNbafb/GHGo","8bLXtfZM1Lnagy1UI0BZ3u","8bkxPhA0VMJ4n5mD68OIoa","8bnikNJn9LkYK+/0gYekAD","8bqckY1N5MypR04fMnYXiJ","8b9AwsARlDDLY3fD08AmWV","8b+UiLVi9JBI3I2sNGjDtV","8cDIPbB9VDsahfZDYkhgss","8cIX+V+8hHDZ1MxRUhNt0B","8ccNTIQ5VPQ56kRckk2Dj8","8cclMHJvxECI7ygv3tgfvK","8cdJNy4RlOu68p6rxWVP7t","8c57V7r5NBO5YiZyITMHkK","8c+265Ai1DnZB+MwyzWM0D","8c/K5uGFZHXYVo+m25T5/x","8dKKno+kBLG7Ozz2RS0vsG","8dXaCce5FKN5FMo452iGnq","8dhx0zXMhDw55aUxNY888d","8dltqsYbpCnomIxXz3Ir10","8dxmu89CtIB4PsNZ/0XTwR","8d4lrzRnxCcrIHxONNfaaD","8d5TAu6w9E2q3T8Ngi61PK","8eTjSvy9NCLYrUvRqCbCPg","8eWp+goPVIxaQp++AArQKZ","8edTPvseZByKrNLvgcGEiZ","8ehJZHjEhBkIjiP+20SYSF","8epWIT+A5IxpMIRKKs1GPf","8e5mbCq/pDUom5f6HBUL5E","8e6bTPCr1JFYqHvRHkBZ01","8fIjf46kRPH5+E35HM/3de","8fVMPye49H6bTthhqyRdKL","8fZxNnl1FGN6iw+vCKCQKs","8fa9qhljJHWLGPnjUoJ2vH","8fpBasUZVNzLT9gWkMsRF9","8frl68EUZBHamVRV3tuRqe","8f/CaMX1RGyaOnloE62kjI","90IoBg39ZI8JlkqrOmMPHd","90Qm2cimdLWa4i0k3DCmwd","90abkKQe9DNIyZNXYoyaQ8","90ny1oKptA5K+SxPmRxljk","908dTORZpNg70NVHHuGXGC","91KRL5IDVBIabzbhvXzLAA","91jLeCeNJAcYEEFJXhoIWs","91wxfU49hJvZFZvU1sIXwQ","918e/zR7NAVKFiilNlGCu8","91+sEcLadGV48J1tS8sSXU","92AhBHyTlEIbZ5SMjMbETo","92B0ASl7tB5bjgrWwBbmnv","92D+uBtSdHRIdyIB2vzC+H","92HCF8JGZBA5WoPnvk2Uhe","92mMq5X0hFjrCRNpHMFRnJ","92s+pFNDlPG4VC84H0D/cE","92uOSJaatIvLpxrxRnLWRS","92uZmuk8dBgZtsupGsH9Mj","9204Xud7BDeqDNTy+wv2Sy","922rcLprJFkL7AfefG0qBJ","93G0jzjWtEJq7U+C/V+f5f","93Tcofn/dHBLTbEpJRCxVS","93aOlqP99B+qHLjJZE36Wf","93g+Ak6VZDhpwEqQEEzf+z","94EHN34QVIKIdDcyVXzaki","94fjNm/kJE0LkMkRK5dI6q","94maZbhJlMlb3MPlEr3X44","94/OhlzpxP662zAnCVedSL","95HHIQ5r9Gjr2UGJkfbc1X","95bjh8nwBPOqim7qaqUJM9","950xrBVV9NfJLu+7/FrFyS","9504/HnWdM7JH53mzxqNT5","958xXlDgRAzIiSa/WDF6jG","96D/HA5SpNlYCggSI8pCL+","96IVyJVDlFp6jlArtvyAdV","96SrOfpgZNiLZb0j4tx9L1","96f4fVWv5MApkG2PTrNPdk","96lXvtp3NIXrK9YG42htwA","964ff3sNhGz639uVlkIbUZ","96+W3shqpN7a3paerUhEUr","96+b4VOAlO27Ggo0B6pysf","96+b4/BCVO9K5VI80E2/6D","96+kRG59xOeZChavhRitlp","97D4GOPzFOuY3o6GU7DhvJ","97MtRfvfhOeYjw6e520Asc","97QzZYzjNDF4ndIMyq7JPL","97Ts/oMbBGrqkTNt30vj3D","97V/UhfIBOv6EqLgopDwoG","97ctASHspK85khx0jfi+25","97c+YqsDlAAogdau6vR1om","97ehScUYRJqK5jMS6WwegS","97m1dEdrxJwpqDUfdjuTrm","97+M2ulWFMRI+zOgLzuNEQ","98BDwrQBNG/ZRKXXYo0Dhz","98CzgUhGdK47IOPxfMJ810","98E9cTmONHwo5g5XQFpGrv","98HAZ9stlGRaBLQCjKs+yr","98R6QLw0JHa58jH16F2+z4","98SGU62PtO6I2HqFmuYO5B","98Y8AqDdBHPb8vJlzFKeBY","98omJt381As4ozF55GZjBP","99evrPaMZGEK0RnRPi8ASu","99rh8dVRNMXZzQselymEAd","992AUPXHNI9otAv77TgBfM","99+VovXIZJEY5sCeAxIL+s","9aEpXLmvRGnbcKHy5wKC9V","9aVdiWuANKiKY/418jS0iX","9aiBKjThxICqfSk1jLw7l7","9aiZAtTxxK5qIYDJchnYHE","9a0hXrqmhLW6IEOFkx3J0w","9bG//4htZELor09/dio19t","9bJN74R2NAlZjnESysrx1v","9bQaXjK8pLV4dN+O8YddMR","9bjpWfbxVGIL0Pu1rnMcOB","9b3+MljPdDi46np75YQRUk","9cCNSwGAhNAIJOl3bBNBS8","9cQCAvJPVKDIxt5tKSt9tD","9cX6Xc1bBGcJc4Y2BRJiUc","9cbzGacA5KPIgVzj9UW4J2","9c+rxphc5DFbsq2iwL4/FQ","9dKV7yScBNqbD3nAMlnNHw","9eeBTCtrpKWbRizk2g9I5x","9eiWLbYHtOb6tAr1BxwT5C","9exP5Le/VN5ZnddnuQhMs9","9e+XlZuaFHuYuIiIY0qXyn","9fAcxQ8idM74KCfBq8wjP6","9fO41taalBA4auiuadwufv","9fRIOwvXlNJKn5W5ysitio","9fTu6Fw85A+6ZNG/mHbe6v","9faqbwywxIVI+dZT6KswZI","9f5seV6KNJSZMVAEoXGyDA","9f9tnQuX5Lcq/jbFuMX1Vf","a0YrpRcFRLh4cHQz3teYs+","a0pdt+NslBpKatAWGSf8lA","a1KRKPOE1Ng5NZIPdEQQzD","a1KpARyyxPQ7YhRYNsEjAq","a1PEsoXQlINqU6aIsRMAmH","a1U3sso0dDRIkP04VMS/iI","a1kbsD62BCBoUzUqKxAwDi","a1lsSow+NFt5mcq5rDnLjb","a1urGVkyNOQrVUWyv2V2QI","a1xO5QjThMeofA9OQVCyFR","a13bhi6dZIWruo/gg033AQ","a2LKTwDN1LdYNJzF9IQ6TM","a2MjXRFdtLlYQ5ouAFv/+R","a2ca6UExNLkJ5I7Br6c7Mv","a2fCvibnpAbpjuz7t0DxEn","a2iun6NgNJGLCqiJ1HOsYw","a2rQB4tFlDR5+G5a3CiWHx","a2x+F91r1AmK/PHHqNBDmd","a20Bx7LuFGuKxkr25yBhtu","a21DC+dYFK6YtTGodatiix","a24KyObBNG05TWrnI9CYrl","a24ZAQaZJNPI8/O2kVcazv","a28je8VPFJapM4KeLunV8f","a3JxDYZvVMO79G9wwNsiS8","a3TTqq3MRAsINdEmF+X2Kj","a3Vv9lvppDKYGLlcnPxFQc","a3exkHm8BLUr02HGBIsyuK","a3vEnaTeFKZa/tkwihbcb0","a3w66nIgxK2bo5j+MSGPoz","a4eIQBeH9PEINvrJfgQ5kc","a4tttnfRRDJ7x7UuogLPK8","a45DjY8DFP1ZcelIRxkcWt","a5ACXuAEZAAq6WWs0nvg1T","a5VDKFPwdKAa11v8zQDy9I","a5YRlJ/9lNhYEgWGSK0UEZ","a5w88R6ThA07a30+15dA6m","a56KDBV5JLp7VUjikZdiA/","a6J2ueyWZCn4qFEuFHPRsE","a6Nz4aTdpH2pUrSWMDtpXu","a6edaBVShPfLEtgWSknUcL","a6ffevh9JA+bfdx13iR6lz","a6iwSxPZVEOI3IQ0U02uF8","a6tiA45/lCU7bYiIj/B6Gk","a62hTjaCBKi6IzSWY7QDyd","a7J3uvfQBIpoqAtVnpPF82","a7SZX/iXpOta5Xl3atZCcu","a7nlYt0BdBp4vMp8T/caC1","a7zKdpSHdHyacKn45gCE8D","a76DpFJKRBt7OxAu66FFz/","a77yPTxxNPY4QPVODMOEZ0","a7/sRmaXVBgYSDNhvXTXVq","a8by/fd8xJmKjBEHtYlR1+","a8vcWzrwBH2ovRdEchfMCX","a8zoKOGKNNDodKzDmDtSgl","a81eDcUstCT6+KKQycCgXr","a89k33y9xA2I5Au2/jl4IV","a9EKGdIYtDWIcO6kNAviKz","a9IiXV5lxF3r4DU0FhnOTI","a9Nz+Qn/ZAN7F/dnN+T8lE","a9ObH9E0NC6p0bVwgYqAVH","a9PHVcI0FJQrUNbCO1HT9n","a9VxDFtDtP5ZvOHJ/zu3kN","a9X3GEkBZB3ZXNYo4GXeJv","a9ZNhRhzRLM7he6CeYvh4q","a9mIP/WNlLYJ18YNYZijnT","a918tfd6FPt5OtbIHst3MM","aaBTuMXllAupeYGGWpHvrQ","aaMn9eT9BN2a1SXspZryPd","aaPR1rlH1MrIeEMN5PWVgv","aabAgi/O5JUZg9UVPG8mCM","aajlNtNNhKObUQCOZKXsoo","aamtRNyIZIJqFzyQHbGY7+","aarJ5qgJROlZDi7/Hvs+nC","aa7jNq1zlA57J4FSi1HcSC","abA2NDdtRPr6tWP10Euri7","abKI2mLiFKnr3+TKcwSH6z","abOmx/1lxHeais0AzavNn9","ab6Uv6FF9EGJWIj+NATUk6","acCjQiLohNKqqz6uKsV2ow","acEYnzYC5OM4wpCkfDPuAR","acOPIxI2FCGpyk3IORAcEK","acT154dJ9Blat15l+2NAPM","acxix6HWRI9rV6rKHpW7B5","adCrMNeKNNho79mjyKmt/k","adey1VsuZEWJJLB+VK9zxD","ad6Avwa6hCjrnVUJa2WVBu","ad9t9PmFdJTKk6i0FuwZFy","ad/fXCOiVAgJNCaGvRPd69","aeCXjlWopOP6e1xo8WO8w6","aeKGsmFKJAmYqm9jdmJp85","aeTRqg8+tHHaBTvaDwnVMP","aeXAqEEoZIh6G9H9KyAgXd","aeeYx/w2FNv5Xgd3DGiPja","aef6Hy2CtOtIFV4ViEtSzm","aemN2qV/FFNJl0Hxq6QH76","aepn2FAZlG47sSZTRdpTDP","aeyK2Nd1tLYaF14pHIsA1o","aeyx/zDMJBebQYIef8aBm5","afFLQyFkZJSKTzYZ94NsV6","afgWoBc/RKerWUkwbloyC+","af9+PCJBlE06quQFUxZxtZ","af/tsUzlJLiJl0ZEbRM+3X","b0AGjU1gFAUqcJIPKwMEzq","b0Bi06fHVO5bG4NpMv4USi","b0SffB/c1BvKdmDq2Wg6LF","b0cV3clepNhJ4/Hi0qkJHO","b0r035deNA6pUSA+W1IYKQ","b04py58+FNnJM8h7CHSMe0","b08KwIEi1Aj4Bjoj+6yfTA","b08t0CRSdKW7rjPOWy4rLT","b08vQ3MTlHYILmhSRebhRt","b1C2cyOn9F2LvgQj1hAVwI","b1W2zoZQFJmqpu41ojlDh8","b1aSaaU7BDgJZAJDbM+Ty8","b1cVA6/rhMZJV+4/LOYEn8","b1pIzBEulBPqz05T0sqI6O","b1p2fTRsNH9rrjQiMgrAnv","b1xJU4DmdNtrDumhd2b/7M","b17jnJ6MlK7L+CqZV7JH+g","b2B0YOz+9Co5JRk+wh8XU/","b2JN8gpeFKyqtcXkPICx0J","b2YeIyrJFIOaN+7TqGVI23","b2cQt/edtIHraoDR5/oX5t","b2cgIMnTZOXKKO8o+bFVyP","b2e01aZgtO+ozuv7XVR0vg","b2pvEv7ktBprlhYDmfzx82","b20QxcG4NGEYEgFSaDq+iD","b3NhuAqa1Cqpg+F3mJhPq1","b3RFGIMeNCV45ezWqB/jm3","b3cfdC+JNM9JGpn9nqxJYH","b3djnhQYFFl4zjiXWhUY9l","b36KGvyR1EG7QoUrsAzRU7","b4EAOM1S1IVrcjnnPOoxVi","b4RI2xZ4FAnJmRoQXF173K","b4RUUVDY9CrL+Umg3YVPRI","b4WHHbsU9ABoLhVXwM1aF2","b4gsBV0TZEtLSSQj67x/1n","b4mOhqlnNGfbuq1bFm1AO3","b41QgaGH1JhYjYh2ZaBJOO","b5USSxJ01Ns6i+UWfaHx/9","b5b2f/tJBMhZhhPlRtnj8T","b5c8nOdP1FK7ncxVOtBxta","b5dFlxpSFAkofALmIQ0fl6","b5ghgl28pIOoXq8D2nmyNO","b5j5D64VFPd7hqAqp0s7KO","b6J+KXEmZPXaY1Cvqxjglg","b6WJQq3GBFGq3BQeqQWk79","b6ZSz/FcpPWL+tgsjQ+TO0","b6cdSH1bZCjY4AnMwt3lz/","b6hwB0wDVPK4H3eUKMcRX7","b6jWi6HbtGr6GZgDNy664F","b6sY1qIIBMnoZX0WCa4M2V","b6+vy5PStBxbZ2294FnFEP","b7K7M0VPNKh61SooPF/OrD","b7Nhk0hclMjYMOodeGU5+b","b7dVF2vldLvpmIu1sZuwyP","b7nWAIcHZFzo4C0dpG0qIX","b7rO04U7hIerg2YlDrwlU5","b7uLF7h5BGap9m5M+neyWB","b8BuWK+85DG5phaVRZeu63","b8IqDOxclFArnvqmLnvyou","b8KmSZ5e9Kc7tAF1anKFkZ","b8MIStyklMBpZThrTkYQm+","b8UCKBOc5LerWWwIgkvGBR","b8+270jT1Gep+nqJxKk6Qr","b9IbOADqhHnqHbnwrsk67O","b9m1d+qRFGda4lSi+9bN4D","b94NqerZhCqrW2BLa+h3j+","baQ3bTtBNGe4XE95MgZlXs","bagDp4+WZOqr1BDQcWexf0","ba0xl/xvBDTaFvS9VYCUti","ba5CMCZwBJdoj6CvqQWO13","ba/9+bqyBFSJb1QGW634k7","bbKScCmvdGkq2WO4TACLtF","bbQJRinw5KxLq2vEkIE7dX","bbkMRavIBMuZxYMXP7gHOR","bb2ydSaVdC0I8O8+XJPTCM","bcE+jaW+RM9J6/FLkTMLgI","bcV97/wQ1D7KiUWlavxjg2","bcWigkzBxAjrXr35P0JeD8","bcYF+eEcVN8KjEIl4EW63a","bcrD16HIpD0rVIWXCpwJ7i","bcrjfK9vtFHZrUlRICqHjE","bcvdV8vhpF64ayvG33BBW3","bc3ySsuPlFsr+dy22po+XU","bc+ZfcamdH6pRKG9T3O9B+","bdmTv9u0lHCrEbB+5QL/5p","bdsz1obrNHvasUMePPzfuR","bdwdGdIPBAkpAIFNTgzG4Q","beLamDFVNIaYswtwjdvgsN","beSpqsGFJA558fZxrERCdK","bee9bhk4tGxaVyi/JVS4RJ","begtifKjRACplaB+ADx6hs","betf4Ta9JDUY5E/hVi1Ab+","beuIBKUMRMIYQPaKWpxiWB","be92TWt75GLrmJqR3qp2SO","be/QePZmFNv5M21h1T1vNs","bfHZB0NFBH87iLBrFwe/iQ","bfKaMolL1PaIfAMAfH5xaN","bfpw4tlDFGl7TgsRZd8J+Z","c0k/+SCkBEYL76oemRi0s+","c0quaalMZAM7smL+48mQKM","c0u23RxbBCTpwFbTt9bQTN","c02NzuNAZOpri0zimhTt/9","c1E2xS4QVJ4Jx9daMwPDeA","c1GRXdqsxFKZiLhzXDR0Rw","c1Lhgavg9MH4nsFJc924w0","c1LzViGOdLzrAq5j9TyYsN","c1SGxlHrZIEpvmm12jNInD","c1bhs1IrFJ3IukJB93//yo","c1b15nvF9FdpzkWSDMho4s","c1gsLypVJAqIGssBl9mi/v","c1qR1LTjVOMYLNeFwlZgPg","c1vnNyYkNFkqCePvdbfMMI","c10Nug+DtFVa4HLLWUARRN","c2VOHU6lxHK6qyWJVJ4z6d","c2nakhMMRNgIU/smDKvuRj","c24pDdeSBMW5zAtTv5i548","c3Bm3JOLZEQ70vAiaSI2Md","c3Gx7OGNpLj76nAD8JPP6w","c3HhGMa7JLM4fe6A81bZCo","c3pcLpILtFHaeCHZLqIzFB","c3u5hbWUhLC7RP6g8FICfI","c3wdNrWXJBsIM3y/zY5HwV","c4NjB1JFdM0oSbaZhO85ka","c4RSufbytAJpt5nQ+Y6wQ3","c4yttO6KRLrYRV7Smx58zU","c45MJMGN1JjIePZFFVMr8t","c4/qiwILRDD5XOq0s6zTpT","c5EHos56tD04LrTMilPXVG","c5HE2JVXhFPK4JKPjC2GA0","c5JdQvQthJfoRcnLfY7gIA","c5oBVzl6pEsqY2UaywEopK","c5pQ6gHeBE9pSkSKynn3Dx","c5/aXiMDlByrBRgiJ+K3jv","c6MWE8FBZHF4B5iplc6mhR","c6Zihm05pG74u5y3XpcFRi","c6xKX2zEpCzp8LGZqe8dCf","c63Oiirf5IA7vJpmNannyt","c7gQuUaSBE7qBjshshy81u","c7k1jN6WxN5Lhy8a/aFSKM","c7lDlD7uhNfbiCLdoGSXIx","c7qNUZgMBFiL4TrpFFd6k3","c73I1UI3RJi4OHEAow2/xW","c787DYtg5IHJNPZIJWexhJ","c8QqrvO2ZKwYSMZNUny6jg","c8Tb5IySBNWZOF3f7XIkBt","c8fbm8SbdDwJQQC40CXON8","c8hdDqCF9GJr1CvjFtvaVO","c8h/wgRitPU5B7iQe/Bgxz","c9EaVsaKdAK5tBN9eR9w8w","c9VwqXRnVAwKu8BGXUhGqa","c9WRPVselKFrXrZY2dX8Ju","c9ggPW3p9MOaPerVEvwuKn","c9nqvq97FELKm0IyhPbq0s","c9pJWxSLRGlZ1JFo+0jdit","c91q7WgXVGGr0xedehXTbT","caf51tWKRHvb6xpBCyJv6M","cayTt7iYBPPJWdtsxAHyLY","ca5LSmHcBNRqoALXOiGJZE","cbMwgFuO1MTJRdqYo2rxcc","cbZv4krjBHuocgHnBDoOUD","cbaJTvm2BJrLHVkHwRZCn9","cbdxvYgttBYI7gVxSHMEe5","cbg65O4uZNNodYaZ8tD89F","cbjMQ/gxBH2oyRsXFjMxgh","cbu/HgmD1HHL09r4gjc/De","cb9Aey4MRJv552o576mzB1","ccalyiIMxHy5LsVkuyCKRH","cclTvR419PdoeI8Z+Jwdzi","ccp5t7ui1AF6eTkzcGqpLv","cc3zoZNRZKgZjTKXnfKsft","cc4gViSj9BYIv8odi+thLX","cdDG3ZWK9GBau3MQYSFYN1","cdJYVgvRBFx6IUXHEt0egr","cdJY+G+O1KQp3sADd2Da72","cdq1R3eYBAarHxycsNzlio","cd41q7tLBDZYe/xNM/9u0y","cd8/aZt5ZNXa4CYvMp8E+t","ceA+TN2JJJHbp3LjTXDQN8","ceDqRad5FPqLJU6Z9N/hB3","ceHe2WC/xPr6o4doeN9vGO","ceNpqHxapMborDyRPnpNBY","cekjpUvLtBQ6pxc1TxOe2Y","cerpT/YjRN0YNoYS0LrPcU","ce5VDg8YJDMrDwiq3bNg87","ce7fvoAllFNo67ecm2yK5R","ce8obXn3BCxZ6YRjLGRfl+","cfApIBcwpGD77MrEgRbH2R","cfA0Ei+KhOx6jY0hMkWfac","cfGIApKxBJ0LctMACYDyt0","cfHxmNPy5FuKPksKxTApW/","cfIa3WUr9A2It4koB0tMgp","cfPSRu3xdCLZQjBxvhwcPs","cfpys+OJ1Kbb6xhc/bC0Qr","cfuE9UvAlEALVdncn85NLU","d0D7bYZ2RC7L1Y1ts+pgW3","d0FzddN5xOgaed2ET/RZhx","d0NlexrDxO4IquOHk/JuR6","d0W03l7HJP7IFq7OMPBSb/","d0W6mVJ6xHoohEhW3h/Xg3","d0Xsm3ct5Nf7IiGR5CfBDp","d0ZAHCM4RLSpQ96iYM2XZh","d0giNluxtHD4daH1fEq6wa","d1RMUqj35A2aarxW6fmYNB","d1T7AMFLFDB5ETRKMTqlGv","d1WTohaFZGCLpOU9HRtqGr","d1jZGAy3JG0Y2Bwh1O7dpJ","d1j78CQTtJkK0IuZP/ZZb/","d1wj4N9gZOMpWqmjXcNQmw","d16T4dDRtIL4tS07i7koKA","d2B2CBLLBBYIdn3nayz6k5","d2DSU5sSpD1JZcb/ihEgnX","d2I++nJFdNxL846wnAejnV","d2Sc00eJhDX6zFnFnuDWt+","d2WiaSCfZMFoW0cbdp/BHQ","d2nfuTZEtAkZZKQqDmFMTQ","d2rR+vyRZJAKlvuLCjgicC","d2yoFYaSRCUYg2886ZAeM/","d2+wSulFJKXpFBGn264key","d3EjTb6JNFcbVbyAPK/NFh","d3N/8RA05C5I5gdZ+g/75B","d3dkVYhihO2YqWJsX9NNvn","d3euf5OKdKmr1JbSnlEV2q","d3p4Peb01C6IunaPF2iHNT","d3wFemf7hHr6TOR4FAsOJk","d4JCgwQ+9I3LT093JT9p3f","d4ysuh8ZFMiJ7bDCzlvz2v","d49txcs8FCTZdgQsLOUgp/","d5Bz/7vgpNMquLW16V4NJp","d5UD8ajkxLpbC/Duj0EULo","d5qyzAyHVBp4WDaRGai7Xu","d54jTCe3hPebPGO5hZYO7q","d5+blASQNMb5/+/hzIZK2E","d6B9I1ScdPZaL7afiCl2l3","d6zvWtwxZBRIj8mG/rLYVC","d65/xeMRFC6YNhrcui2w5C","d7CXDU1mRCWJ9fdmVc0YJP","d7TPeJcQZL47IkpAfNqFhT","d7XcijycFLNZEOv6GR9whZ","d7k67MKPdL+5BYlf70jZDf","d8CJb6H5hBdoCJxDgCRJ8R","d8EmtwIJRE5LKwimCpm1dG","d8W8iGpdFLR4ROdeIqzo0V","d8ezURxhRH5q1fVI8iBHfd","d8foYW11lLQbpQeG76ABJt","d8hW2c3UxP+I3w0gEK/Q9C","d8j/IbwxdPiJfu63CZ7/CA","d8o3rFGzZG55wv47YdpiTX","d8pyAo99pGDr4YEbb0zZkV","d9DAUu2RpLEq3FPT6kVsku","d9IILBxppMAJc8346e4Hlk","d9dpeDwbZB4pVpyQfeauTM","d9j66Ruq1GGIETsdwLXTrA","d9mIFU99lBKoe/NeqYlqG4","d90mIPm9dImolTahDUnBnB","daGtuL9SZM45kdKN960rBA","daIuZDlvJM2ph9qIQ/98/o","daUOt9XDBEMKhyo67DJVuW","dacpwQ6wtC56PPdkj/gUys","dazUUatdhHOIISQuXZYxMS","dazcuTmXlD/6L14PTDmsvb","da8yQ706xHtbfcVuc8nKxs","da+yVwcFVGB6r6vzHGhaB2","dbB8DdRY5PApOsyHUY+rOd","dbE5C/nbdJhZrQtlDCOUJc","dbJH2TssdCS7Mh6Z2m8OV2","dbZB0hWJtND6G6mK0GS+vB","dboyPpF59CW4z4MI6XWEcy","dcDm39zwRHMaf0vQdKKn+u","dcMruECo9HQK5y8SxR3RAS","dcg2IIEFdDVbszqQBtzius","dciBNqzZtMZ70zIXL8H+Pc","dcl0jqXRBG0YPKe/2kzdf8","dcpfcnVbdHh61qmgHJ9/XF","dcz/RAtCtCK4hdHBfX+1qX","dc062qbRpCf6YS4PYbZ/So","ddBrnjyA1JuLgizKLoDxtJ","ddRXHHDk9OWoM4ajm/Iiq3","dd5fqVmwtOjqcEAoab29a2","dd/CSlfz1Ko5z1QxOsZMVw","deByytNN9J0qiqlzrptnfV","deGzCnDORLloNAMn2PI42n","deVG+W51dFgq2kJqNTM461","deW1dRO1pJuJpj659hoZrT","decBGfU5tOtb/HKhXv+fBC","dfEPet7QVDZb0eaXfMTGYd","dfMRbaiSZGJ6QsH8L2Z/gP","dfXAADZ2lLkoRCqZvwco70","dflCaXtcRHX4t8NAbxTTak","dflbcVWF5J9ZCRmRp8dfRn","df49wXtRFJcYCizHMdeCRv","e0BD1iSRhM9L1qXic1PimJ","e0GOhsrDNGx6sEUDQmoZI2","e0Yl0l06dLfrHYrQfNlC1j","e07Ne6JstHXYyL56EYf701","e0+zBH4RRBdpDGPzT2aFv4","e1ANNnFdRPNqgx5DnCDFng","e1tWL4V8tK4qZdQHcZDMmk","e19gpN3vBMj6VO5iMBmRZF","e2LGzMIlpJ87xQ/wmz72kt","e2PGTwJEBFGokOqLWnM6Q1","e2ylk7yPVJLpDgwved+SXe","e20hwJagtDibIUMMg8BciI","e24auu7WhOd4WFxPUWUx2C","e2/3Vi60BLbZ9x/GTGwUVz","e3FdCbGoxBT74QMilOuHiD","e3ZpgFMydHZ5Nzq96MQ82i","e3dg6oz3JBcYw9t9Hvak9I","e4EfN0/ZVEUY9XjCckssnd","e4n1d9H4JOJYhP/dfqUMtv","e4uICmg/xOaK6nPTIQFFsd","e5ALGGXstKXaOhGKLOHUlF","e5CuXtMmlAhYuhg7EYMZa7","e5N9ty7clPrplNC+0M+lc+","e5T8VVxHxJP45vJVP0zN7G","e5YF3WHqpPbZKNucN5pvuD","e5ejWc8UFInqb6pnrAh0wO","e5gF7nT5VD4KLHarhb/oPj","e5qVBpHgJBV6mS4EW4Oy7M","e5tcMDui9LILeh1i0q/yU1","e56FgWCzVMeqKot4ZHpIIp","e6UJd0evdDAJzRbd95yq++","e6aZID7y5AWomeSKCaikAM","e6kLg62u5OqoD1lV884R+w","e6k3OoryROj6rDZXSFImcc","e6rbOdQgxDDZu1mpcpSdDr","e6t87FK4VCPrWAJXtVfr1l","e6ur93O+pMFaaN+3XNwCFA","e7Gh07AxRCgZniIzChYYBo","e7b/+3F9RD8oQfKV512jhx","e7gpbLZMRDCpZxX/AXsOpr","e72lokrvBP+oaUQFIF0jgg","e78pnQz/pH147KZ6RNj+yc","e8XE/cfRFBPoK4SodgzGD4","e8czAT6UJNBp0ZKm6M7UHJ","e8fzU5dMlKMowT5oq1+cDm","e8+fQrKPBDXbHGtYtyqE4J","e9tS25k55CN6ZapVvleAUU","e97EM7tVNA2I89e2J22iZC","e97GVMl6JHh5Ml5qEDdSGa","eaRjdffbJFH70UFWz/NaVt","eabDVhTFBLEp4sM64fvrpv","eaqtzOVjJM8Yq/B1v1U3A1","ea1qF2HgpO0ooi7oqekz4f","ea6koYfA5F8qxch5uB+ONU","ebAQ7TDp1JfJTiKKsiMvrU","ebA8sSMIdNNZXrD9BjTT/D","ebGAqlIVVLL6Jcv178GPUy","ebL8wcuItGmpAeeUoEjixG","ebNLDDtglErpLaDE0sRVMq","ebmxmXsxFGpKxwH3Vv6PrC","ebtVzWraJGB4o/K5h82xjp","ebwb9iDuhFPa355GiVjoO/","ebxLJUuBFAw58LvtcykzDb","ecMSnCcn5Lsa+kzRFyon3n","ecOAYUQXJBrLB8eUCSxgr2","ecd4vsJRlBn4feaddySpsS","ecpdLyjvZBwrvm+cedCcQy","ecwotxkJNDbZoB6Pl3kunx","ec0jJ2W/BAs7r8StxEPa9o","ec1Zr9BzRNgoVeuJp9Ne6l","edFxOX4TpAZb00N+AuZblS","edXMV8XzJGq6MAPAqC/9CF","edkslBOqlH5LoWWTiFNyCG","edztoy03FKKqJKMpIfe9LG","ed3aohg8hCJb88OWuFVQhu","ed+fkWMJ9M75SflMTPkoPS","eeG4Jwy3JPv4q+VKaKP7ZN","eeIFeUSWhIR6hGFygmaiEW","eeKpe3C8lLAIKkr+hGYJAN","eeRsFAteZC/buit0lU8utD","eeU+s5qr1Hh5Bb712DmXhN","eejEI3UtRB2ZEWEVzaZL5R","eeofW5gZpL8JdzBj2i2tfT","eey7hXSU1MjbRt+DrECYVH","efBoqLs6xK0rEH7AFNUuem","efYXAbpfhGOrzCw+zKBtUG","eflQRfWBhAUpGLpJDM198X","efvbk3qDBP6K/pF1Xya1bN","ef16wDlY5Ah5kkCmZt0mgp","ef3sH/RkFJJ6Y+STBgrECh","ef4jz2YOhACqrI+a0TctER","f0BIwQ8D5Ml7nTNQbh1YlS","f0RM/MglVFto2JOO4wP59m","f0VS5WAtxHeaXvPhzbvMKB","f0XsEJaulFP571Z4yigASo","f0iwVgXbxBp5VufHyBne4o","f0kgl7n5pAFJixEbWk92vJ","f0sTsh1vxLNIkGIZpkq907","f1RFI33HVD76Ib6cPA9XCr","f1flj/qxJK5pueTdt4UDCm","f1hlSkVohM3ZlfWKHu95w0","f1p2nG3AJESYp9/nHQmSNu","f1zF4GgwdEubBJbDdA0Ulf","f13VJNOyNCRp61Hl7tMC7r","f1+BV8NktMZrozXKJjIaN5","f2CLs7MypLzpM7UAmEHTkO","f2CYUzPhVMXIrztPPgoKEd","f2DXNyUChOuatqxRUm0Np/","f2Mzf047NEzbA4R0F3NPhF","f2NzgUgOdNP4kOgpJ+EFGS","f2dy1olC9INYxp3DwSElXl","f2rUvPZXpMOIFg/VarHXbq","f2vuwAe0xI4qwkE4zFs5Nc","f2zTWRDXJPxbCQuk/2VHx2","f23ZVPkUhEJLzZGZr6s9nN","f3Fp1ENhdEjJApj8f92XXX","f3KvwNO2FB6rxRCB0L6eXA","f3W8je4QRNI5TYDVk5Zl7Z","f3bA+FM75BRo+Z/m4+v2kG","f3dJkuqiFOZIoksqBw0q7x","f3gH6E5uJLjK122MG3mZ2X","f3mmd4PRVBjajeEzi3PRBB","f3wr+RrcVAj78pFUHXPL0H","f3/ePXj+1Hr6u/51jXP85m","f4CvejTk5MwLqRWi7gLwA/","f4Srr6mR1HGqN2tmbxWo7T","f4S1We/qFC/b2X6GIGZP1W","f4UfibvjZBnKoyEr4Fbqjq","f4a2UAlvhC/ZgC5goCNz7N","f4b9n1b9FCg5N8tol26SnV","f4nFE8gFBO9I/r1uPlZqSA","f5Jrok5HJERIANr47rGhDW","f5LdrM+R1PIb5m7lFLuwlV","f5OUYvcSlAUpLZ+gIEGfo6","f5YMYp4rJB6KGI+aEQk/ei","f5srpLFxNKgq+VbOvbKhnp","f5vjl9cA1PupYs94Fx4vxV","f5vtXSghdGroOQH2XuSrFM","f5yEMfjvNHpbJSToBi+GJy","f56AUTWrJMsYH+XswFpqg7","f56lJJXkJHwbdxk87vYYBW","f6GcKw5QROV4XC0SpW3CxE","f6O4ikK1RAFJ9ZefrUrAEf","f6epGnNW9JaaTYgYkaZNwX","f61xu6XyZH5puugj7PxBVx","f68fvUho5CPZbW3nWb9b+Z","f69/oro+5G2YLUKppAdUqF","f6/q+LdDtNQZ9aAl9zWDjf","f7h5CRc5JCLLm0uhMOeq/R","f7p9WLoxZGgaFmLlWL7pQw","f7ubeRjR9CDJBl1btGnQX1","f7w/N4m01NlpnfE5r/KK1c","f7zeyaYR1N55Ws3CDFJ8+E","f8EQ1G0cJJS5H01ZXaqL2y","f8GdgXwTpOh5ipPIKfXAWq","f8T8eOUjFGp67qdpnPKd/v","f8YGORfIlEWIi4KqJFRJ0u","f8YnNEliJKxaadvKQzSix3","f8sPY64XxL4YnLCoU9iFRm","f9ELvrZT1EwLYQu34K886p","f9R8Z9QNRGtovK7DmADlwp","f9X7qJ6KxJkbd+VPqAqlHf","f937Fuuh5F4qGrXdHWvRoE","f9947WXTRGDKAndQrpOtSn","faBXXMJsFPlImBvra7k4zD","faNIb0QAdBiadP6Dxv4BhQ","faR6CHhhVCUpMBuakg2r+G","fap4mVLrFIZ576Dn03guDR","fa33RHBDxM371CfcO8yoPv","fbGhxaGIpITI7FIGaFLJRV","fbHklRc0tNE4suQZNrfDQe","fbZ1mS2/ZM26ALk23GJFfX","fbjcHK/hpChIAgWSdPz9ic","fbqNleez5CjrQtG4I7/rwy","fbwV9OhAVCApSheqU58EQO","fcIWxR83JNFpr0mKrFK1dA","fcIohDSYBG9IF3G9jtRiuU","fcJSnQnxNA9ohnQCjuUXBm","fcSuGs3C5ACIDFCSMGjslZ","fcgdh2o1pAA4xPOmMKhIDU","fcrT4OW51I1qwsi3sPV/8q","fdBkQFVidHsZ5z+jzi7e7N","fdaex8sUVHu4rda4Fduylf","fd3CC9b19F+ofNnZIc5Sly","feGNPgIJ1OJ6/45H5NI58+","fepxpTwMhKOZgeVtLuN7sL","fe99wQro1AI4z/Fves8vth","ffJ1lXOidLuKI+8wkp2iV0","ffKlF2e3RLWbpLr1vqEk0W","fffqtZxwZDGLlRWvPlvRbz","ffoXxgRG9MHpgKWWdSU44f","ffpaNphvlNq4WmO3MFBFbI"],"scenes":{},"redirect":[230,0,1608,0],"deps":["internal"],"packs":{"010d3718e":[362,391,503,657,1007],"0172c3b8d":[275,486,563,638,653,687,743,802,806,921,957,971,974,1060,1160,1185,1197,1225,1235,1244,1307,1328,175,1485,1566,1577,1614,1646,1662,1680,1684,1698,1711],"017be2b58":[889,1211,1339],"01a74b230":[232,243,335,358,432,435,554,566,569,584,719,725,912,920,928,1052,126,1120,1177,1214,1521,1560,1575,1602,1613,1687,1724],"022e5b699":[257,542],"026cbb933":[553,555,591,733,1028,1657],"026f35de8":[263,272,306,345,373,383,438,467,478,493,525,590,593,704,710,711,762,763,781,808,816,833,849,864,935,1006,1015,1035,1064,1142,1173,1188,1227,157,1329,1335,1361,1370,1387,1399,1407,1424,1430,1431,1434,1440,1546,1552,1554,1655,1664,1679],"02d6c30d5":[244,290,291,298,327,349,366,447,484,517,518,597,662,671,689,726,772,795,817,834,840,850,960,1020,1058,1091,1103,1107,1213,147,1291,1309,1344,1405,1466,1467,1470,1476,1482,1563,1568,1612,1620,1629,1681,1712,1727],"02f31008b":[249,266,723,798,854,118,1111,1461,1464,1583],"03077b446":[252,254,259,307,389,390,509,526,681,682,693,740,895,916,958,992,1038,1182,1200,1209,1233,1241,1252,1455,1479,203,1654],"032197cb6":[380,1018],"037cfcf6d":[338,464,78,496,592,918,983,1222,1507,1631],"0389af64c":[111,150],"0395fa803":[233,67,588,998,1026,1685,1725],"03d05c6cb":[317,332,411,535,561,604,609,684,717,755,778,801,803,881,931,1034,1131,1187,1238,1277,1367,1374,1389,1392,199,1593,1647],"042070f26":[151,1383],"0426c03c4":[616,732,862,996,1031,1138,1192,1480,1624,1692],"0491c2e84":[51,359,857,1002,1135,1694],"04b7a945c":[292,308,1195,1628],"04c7ba620":[72,621,629,641,715,722,729,837,853,856,863,883,888,901,922,961,966,972,985,1128,1194,1230,1290,1448,1514,1522,1632],"050ef212e":[301,483,497,82,587,685,698,727,820,824,937,969,970,1048,1127,1210,1296,1378,1432,1454,1481,1547,1579,1596,1603,1686,1693],"055d39b42":[65,161],"05c56c297":[0,54,56,57,58,60,61,62,63,2,66,3,70,4,6,7,75,9,10,81,84,90,91,14,15,16,93,94,18,19,20,21,103,104,22,23,109,110,25,26,27,119,28,122,127,132,133,134,30,136,140,32,33,142,34,35,143,145,36,158,159,38,164,39,165,167,172,174,176,40,179,41,180,181,43,184,186,188,190,197,198,45,207,209,47,212,215],"05f3f694d":[333,343,384,426,501,620,622,787,790,796,831,915,991,1044,128,1081,1097,1117,1118,1154,1172,1278,1302,1305,1474,1535,1574],"060457b1e":[396,531,734,1260,1377],"0621a8d74":[240,399,408,465,649,707,1012,1526],"064d4c5c2":[329,406,551,594,739,924,964,1126,1398,1411],"06a2efcb5":[581,1375,1426],"06a65a9af":[1145,1553],"06b9af28f":[217,248,265,282,284,299,354,368,375,398,418,434,444,452,472,491,498,519,583,595,655,664,676,680,686,688,700,721,765,766,767,771,799,99,810,843,859,869,898,905,940,944,951,952,953,956,977,989,997,1000,1008,1027,1045,1047,1067,1070,1087,1094,1112,1137,1139,1140,1166,1216,1224,1229,1236,1239,1258,1295,1300,1315,1317,1330,1331,1354,1360,1371,1380,1384,1390,1404,1435,1438,1439,1446,1456,1494,1510,1528,1540,1555,1557,1561,1564,1584,1592,1611,1635,1645,1658,1659,1660,1708],"06e93523e":[242,287,347,427,431,458,507,515,522,564,577,605,606,647,656,674,716,720,761,773,812,823,826,878,880,885,913,930,932,978,984,999,1014,1040,1074,129,1115,1199,1203,1212,1228,1282,1298,1332,1363,1391,1408,1417,1421,1425,1445,1508,1519,1520,1556,1589,1636,1663,1688],"0734a42bd":[402,1178,1668],"075259b51":[625,124,1215],"075c7175b":[256,261,276,281,319,414,425,462,470,492,494,615,636,654,666,724,744,752,785,95,919,1133,1134,1147,1155,1262,1351,1381,1469,1495,1542,1567,1581,1587,1604,1617,1627,1637,1676,1710,1718],"076959d44":[48,241,280,288,350,361,412,441,453,463,474,500,559,598,602,614,677,736,737,749,750,768,838,851,887,890,903,906,907,975,980,988,1010,1017,1029,1057,1104,1105,1108,1144,1152,1176,1240,1246,1251,1253,1297,1318,1325,1347,1369,1385,1406,1442,1498,1505,1529,1531,1607,1619,1640],"077284c25":[378,400,451,536,538,578,627,658,660,751,897,986,995,1036,1056,1062,1065,1066,1259,1268,187,1576,1616,1651,1713,1721,1723],"081c330e2":[791,846,1098,1287,1491,1644,1672],"0854dcf1a":[253,322,71,439,637,788,852,917,1079,1205,1551,1705],"0861b7423":[520,1025,1076,1473,1697,1715],"086fe1a49":[219,294,297,448,476,545,745,797,873,943,973,979,1009,123,1080,1267,1301,1353,1372,1428,1429,1565,1682,1690,1700,1714,1722],"08dc2a1de":[274,283,324,346,388,455,459,477,547,585,630,703,949,1046,1129,146,1280,1323,1343,1349,1409,1413,1444,1451,1504,1534,1626],"08e55c79b":[277,318,342,372,449,460,479,521,524,702,718,875,994,1089,1157,1158,1161,1186,1237,1304,169,1415,1420,1499,1518,1623,1674],"090d4f6d5":[220,225,235,236,304,371,454,469,471,558,83,712,754,794,835,858,910,938,946,976,982,1226,1247,1261,1419,1427,1511,1525,1537,1601,1610,1621,1641,1670,1706],"095718c10":[224,264,303,330,374,410,461,488,513,570,582,635,777,829,847,872,891,934,1004,135,1286,1488,1532,1582,1673,1695,1716],"097bc1497":[267,341,376,392,440,442,528,670,672,678,742,786,959,1049,1125,1149,1175,1193,1219,1256,1366,1394,1403,1509,191,1585,1595],"09b374cce":[238,506,639,822,1023,1191,1345,1348,1618,1661],"09c33ef08":[612,1159,1180],"09c3d4096":[228,310,344,385,404,423,511,537,613,88,644,695,714,764,779,925,967,1030,1055,1165,1217,1223,1285,1306,1340,1401,1412,1622],"0aeec6759":[227,53,416,504,527,541,548,675,709,713,861,876,1011,1043,1082,1096,1167,1234,1273,1308,1433,1457,1462,1483,1501,1656,1717],"0b40c73fc":[300,328,370,394,405,731,811,836,1313,1492,1550,1578],"0b4ebc110":[218,270,271,325,331,334,339,352,365,387,495,516,540,550,568,574,632,683,730,741,783,804,805,884,947,1013,1016,1033,1053,1071,1077,1119,1122,1183,1265,1266,1276,1310,1312,1314,1338,1358,1393,1414,1422,1437,1459,1471,1484,1500,1538,1548,1570,1594,1600,1638,1669,210,1701,1720],"0bcdee0c1":[340,512,651,699,776,993,1063,1153],"0bd827857":[216,226,234,251,268,336,395,401,443,482,499,530,539,560,562,571,573,575,576,624,633,659,669,746,792,807,813,839,865,868,874,902,945,114,1021,1037,1072,1083,1085,1106,1116,1156,1179,1254,1269,1293,1321,1336,1452,1478,1490,1496,1506,1524,1598,1675,1709],"0c07991d8":[286,289,386,393,430,457,523,549,589,774,821,866,892,926,941,1003,1196,1204,1264,1288,1294,1299,182,1493,1512,1634,1667],"0c0feb52a":[456,1109],"0c339d10f":[429,1590,1633],"0c65c937f":[841,942],"0ca49d580":[250,508,544,661,758,1146,1249,1271,1284,1517,1683,211,1729],"0d01ef51e":[323,351,415,473,533,534,608,618,691,708,753,756,782,842,860,1001,1093,1220,1255,1341,1352,1450,1569,1586,204,1642,1691],"0d2639545":[320,369,543,80,611,617,628,634,665,690,696,697,705,757,809,933,1022,1132,1163,1168,1202,1279,1376,1441,1652,1671,1707],"0d5178806":[360,446,565,701,1100,195],"0d8ad3c58":[747,117,1005,1379,1410,1458,1533,1733],"0db5fbe19":[293,296,397,422,445,489,505,579,650,668,706,894,962,1042,1054,1101,1320,1334,162,1373,1468,1536,1545,1558,1649,1653,1703],"0dce7ff3b":[273,314,321,348,437,468,475,77,529,572,652,800,819,828,896,1078,1090,1201,1248,1275,1327,1395,1541,1591,1597,1696,1726],"0dd91665b":[279,295,316,76,603,626,642,646,648,673,893,914,923,1051,1059,1075,1113,1121,1123,1207,1283,1356,1465,1477,1486,1650,1702],"0e1a8a4ea":[546,1102,1503],"0e6751315":[315,487,911,1572],"0e7982f6b":[222,255,379,407,419,420,436,830,870,879,908,909,927,950,115,1041,1050,1069,1095,1110,1130,1231,1388,1571,1588,1666,1732],"0f0cbb3d9":[221,237,245,258,262,309,312,364,377,381,424,433,466,514,532,556,619,631,640,663,679,692,735,780,784,789,793,815,844,848,871,904,936,939,981,990,1061,125,1086,1141,1148,1151,1174,1206,1221,1243,1257,1316,1324,1342,1346,1359,1382,1402,1416,1423,1443,1460,1489,1513,1523,1527,1539,1543,1562,1573,1630,1639,1665,1728,1730],"0f188bfc3":[355,356,363,367,417,421,567,607,610,775,101,867,882,1092,1124,1164,1170,1250,1322,1400,1487,1497,1549,1625,1677,1719,1731],"0f6f1fbb7":[246,302,326,337,353,403,481,580,738,748,770,818,832,1019,1039,1190,1289,1292,1362,1364,1365,1396,1472,1516,1544,1689,213],"0f8a8f537":[311,586,694,760,948,113,963,1024,1150,1184,1281,1559,1699],"0f9294c25":[231,239,357,596,623,643,108,1189,1232,1303,1463,1599],"0f9fca9a9":[223,313,382,413,490,510,827,877,900,1242,1326,1515],"0fa83d143":[229,247,260,285,409,74,485,601,825,954,987,1099,1114,1143,1181,1208,1245,1272,1350,1436,1447,1449,1453,1609,1615,1648,1704],"0fd3f85c4":[557,728,1263,1386]},"name":"resources","importBase":"import","nativeBase":"native","debug":false,"isZip":false,"encrypted":false,"versions":{"import":[49,"37f00","010d3718e","725d3","0172c3b8d","f77bd","017be2b58","3cb79","01a74b230","8c069","022e5b699","25afb","026cbb933","6c756","026f35de8","57c6d","02d6c30d5","e8a34","02f31008b","7307b","03077b446","61c12","032197cb6","c4a0e",50,"f5e74","037cfcf6d","ba765","0389af64c","c762f","0395fa803","3fac4","03d05c6cb","510f7","042070f26","863f7","0426c03c4","28cba","0491c2e84","148c4","04b7a945c","8d193","04c7ba620","ff69d","050ef212e","c557f","055d39b42","1030e","05c56c297","1cd78","05f3f694d","d210c","060457b1e","12cc1","0621a8d74","1ffe7","064d4c5c2","d2a28","06a2efcb5","d39db","06a65a9af","d1dbc","06b9af28f","b48b3","06e93523e","f4163","0734a42bd","6a2d0","075259b51","bd59d","075c7175b","088fb","076959d44","467b2","077284c25","07c83","081c330e2","1b240",52,"3f6b0","0854dcf1a","b3374","0861b7423","3a754","086fe1a49","0be34","08dc2a1de","3095a","08e55c79b","88f88","090d4f6d5","5c5da","095718c10","63773","097bc1497","71bdc","09b374cce","3aeb8","09c33ef08","3b610","09c3d4096","6be82",269,"2e7f9","0aeec6759","da02d","0b40c73fc","b6459","0b4ebc110","bfa8a",278,"cbb0e","0bcdee0c1","835a4","0bd827857","b641f","0c07991d8","d9efb","0c0feb52a","10db1","0c339d10f","cca46","0c65c937f","4ecdc","0ca49d580","23c9e","0d01ef51e","43a69","0d2639545","39fa0","0d5178806","76326","0d8ad3c58","846e3","0db5fbe19","144d4","0dce7ff3b","88270","0dd91665b","bdcfd","0e1a8a4ea","07582","0e6751315","1c2c6","0e7982f6b","e8080","0f0cbb3d9","5887c","0f188bfc3","1bca7","0f6f1fbb7","f12df","0f8a8f537","3c630","0f9294c25","1a9ad","0f9fca9a9","8829e","0fa83d143","84775","0fd3f85c4","ca97b",1,"699e3",305,"c0552",55,"8506a",59,"ae2e7",64,"4b0c5",68,"feb0d",69,"d28f1",5,"c477d",428,"7e0c1",73,"84a1b",450,"104e0",8,"62548",480,"02161",502,"237ae",11,"bef6f",12,"db16e",79,"b912a",552,"35b2b",85,"adda7",86,"1f44f",599,"a39fc",13,"26d74",600,"7a2ed",87,"0fefd",89,"f00f7",645,"1357b",667,"7a45e",92,"eec53",17,"f503d",759,"56595",769,"e2f9d",96,"e8b21",97,"7c5f3",98,"5d52c",814,"5dad4",100,"66a4f",845,"f7878",855,"add7f",102,"b1a41",886,"6f609",105,"550ae",106,"06159",107,"d27a6",899,"a06ea",24,"9938b",929,"1cd66",112,"98758",955,"37822",965,"eba2d",968,"aa893",116,"cd967",120,"441fc",121,"ecf11",1032,"68659",29,"88b58",1068,"b0fb2",1073,"4197f",1084,"8380a",130,"53edb",131,"c3616",1088,"98be7",1136,"4cdef",137,"1a3a8",138,"4b7a0",139,"68776",31,"b0df8",1162,"7523e",1169,"fe1b8",1171,"c9a79",141,"ca6f2",1198,"751c3",144,"a040f",1218,"c5249",148,"0bddf",149,"38337",152,"51f7b",153,"5130e",1270,"501a1",1274,"70182",154,"448c2",155,"fcb00",156,"523e8",37,"6678b",1311,"6c169",160,"d62f0",1319,"dc29c",1333,"a0714",1337,"f0e0a",163,"fa4cc",1355,"95e70",1357,"99826",166,"65b27",1368,"032ad",168,"677ea",170,"98006",171,"47678",173,"65e30",1397,"c0d5d",1418,"ce385",177,"4ef7a",178,"50315",42,"8d0aa",1475,"1095e",183,"401a6",1502,"d9d44",185,"9b849",44,"62548",1530,"b8b81",189,"36bbc",192,"178f3",193,"376ce",194,"47ec0",1580,"e8f65",196,"16961",1605,"0c0e0",1606,"afa32",200,"98c78",201,"7a4ac",202,"18fed",205,"7ee42",206,"4c469",1643,"c66cd",208,"da88e",1678,"5c9f4",46,"07062",214,"48806"],"native":[0,"391e0",54,"47595",1,"d654d",56,"ec79c",57,"1183f",58,"f9aef",60,"7dc05",61,"9b5ee",62,"64f56",63,"4b0f2",2,"73c5e",66,"9292a",3,"77172",70,"4c51e",4,"61222",5,"40bc2",6,"18694",7,"4edce",8,"031c8",75,"8e9ed",9,"1129a",10,"257d9",11,"0b2df",12,"142b0",81,"f8e26",84,"e1115",13,"ce869",90,"76856",91,"4ef35",14,"0eda5",15,"e6416",16,"a7e8c",17,"67884",93,"adfee",94,"0c28f",18,"a5a2a",19,"3f2ea",20,"dfc07",21,"6315e",103,"9de85",104,"157b5",22,"82e71",23,"34583",109,"2a7a4",24,"93b40",110,"7d53b",25,"083b6",26,"82345",27,"5cd8a",119,"6cd63",28,"168a6",122,"97014",29,"746e4",127,"f7ad6",132,"426d0",133,"7fef6",134,"8273e",30,"46801",136,"6ce48",140,"525cc",31,"d598d",32,"987d7",33,"7ff56",142,"9fab0",34,"ffda8",35,"2c268",143,"91ca9",145,"627ef",36,"574e7",158,"0f741",159,"927ae",37,"c80ab",38,"8ab4d",164,"2a505",39,"9305a",165,"94db0",167,"91905",172,"b4b72",174,"dac84",176,"763b5",40,"d3eca",179,"a9267",41,"b8fba",180,"117ee",181,"b32bf",42,"fd4bf",43,"e2b80",184,"9403f",44,"3397e",186,"cda11",188,"dfa97",190,"a26d4",197,"192ef",198,"b617d",45,"e15a9",207,"dbca3",209,"6c7ef",46,"b583d",47,"623a1",212,"e8416",215,"09e0d"]}}