[1,["27fc5yzLhHdKX2zSu2K/an","c2nakhMMRNgIU/smDKvuRj","2aWPakZnlBnJnT4I9YddLX","a3Vv9lvppDKYGLlcnPxFQc","e8czAT6UJNBp0ZKm6M7UHJ","22qJgZfgFBcJXEH06hO/cT","1fOrO8vcdPGaLOnUHicnOO","7fnAbakzNPrKVR5COsbg2q","508uq4wyhKsbAfw+PZAe4Y","ea6koYfA5F8qxch5uB+ONU","dacpwQ6wtC56PPdkj/gUys","9aiBKjThxICqfSk1jLw7l7","610srKOoVNW6lO5et9kjwt","39nZgW86hJUKF/LAMJR+Kw","c9ggPW3p9MOaPerVEvwuKn","b0r035deNA6pUSA+W1IYKQ","51pYgDYdFOF751d0vZdtT6","8e5mbCq/pDUom5f6HBUL5E","aabAgi/O5JUZg9UVPG8mCM","50x+ZgtuNKJaVeRCdjHB6C","5bM96XJNJJP4nKS1XthdVu","a62hTjaCBKi6IzSWY7QDyd","090C+I8JpFEL1tsCHUVc6Y","16VNRlXDVJTpCKAOJ324Ro","c787DYtg5IHJNPZIJWexhJ","9f9tnQuX5Lcq/jbFuMX1Vf","2a1Zim339P6oZ9T6Y9w7Jf"],["_textureSetter","bl_desc","bw","collect","fb_btn","fb_cancel","fb_cost","fb_desc","fb_start","fb_title","fsw","info_1","info_2","info_3","info_4","info_5","info_6","info_tw","info_ways","info_win","lfs","mw","rfs","smw","start","tw","tw_fs"],["cc.SpriteFrame",["cc.SpriteAtlas",["_name","_spriteFrames"],2,11]],[[1,0,1,2]],[[[{"name":"rfs","rect":[171,830,524,59],"offset":[0,0],"originalSize":[524,59],"capInsets":[0,0,0,0]}],[0],0,[0],[0],[0]],[[{"name":"smw","rect":[171,339,526,204],"offset":[0,0],"originalSize":[526,204],"capInsets":[0,0,0,0]}],[0],0,[0],[0],[0]],[[{"name":"fb_cost","rect":[764,998,127,55],"offset":[0,0],"originalSize":[127,55],"capInsets":[0,0,0,0]}],[0],0,[0],[0],[0]],[[{"name":"fb_cancel","rect":[674,892,202,53],"offset":[0,0],"originalSize":[202,53],"capInsets":[0,0,0,0]}],[0],0,[0],[0],[0]],[[{"name":"bw","rect":[745,339,422,110],"offset":[0,0],"originalSize":[422,110],"rotated":1,"capInsets":[0,0,0,0]}],[0],0,[0],[0],[0]],[[{"name":"tw_fs","rect":[697,339,299,48],"offset":[0,0],"originalSize":[299,48],"rotated":1,"capInsets":[0,0,0,0]}],[0],0,[0],[0],[0]],[[{"name":"info_3","rect":[0,0,1033,57],"offset":[-5,0],"originalSize":[1043,67],"rotated":1,"capInsets":[0,0,0,0]}],[0],0,[0],[0],[0]],[[{"name":"info_win","rect":[621,948,99,43],"offset":[-1,-4],"originalSize":[109,67],"rotated":1,"capInsets":[0,0,0,0]}],[0],0,[0],[0],[0]],[[{"name":"fb_start","rect":[674,945,158,53],"offset":[0,0],"originalSize":[158,53],"capInsets":[0,0,0,0]}],[0],0,[0],[0],[0]],[[{"name":"info_6","rect":[124,130,769,47],"offset":[-2,0],"originalSize":[783,67],"rotated":1,"capInsets":[0,0,0,0]}],[0],0,[0],[0],[0]],[[{"name":"lfs","rect":[0,1050,437,67],"offset":[0,0],"originalSize":[437,67],"capInsets":[0,0,0,0]}],[0],0,[0],[0],[0]],[[{"name":"info_2","rect":[171,889,503,59],"offset":[0,1],"originalSize":[503,67],"capInsets":[0,0,0,0]}],[0],0,[0],[0],[0]],[[{"name":"fb_desc","rect":[124,948,497,102],"offset":[0,0],"originalSize":[497,102],"capInsets":[0,0,0,0]}],[0],0,[0],[0],[0]],[[{"name":"info_tw","rect":[855,709,107,61],"offset":[1,-1],"originalSize":[115,67],"rotated":1,"capInsets":[0,0,0,0]}],[0],0,[0],[0],[0]],[[{"name":"info_1","rect":[57,0,949,67],"offset":[-2,0],"originalSize":[953,67],"rotated":1,"capInsets":[0,0,0,0]}],[0],0,[0],[0],[0]],[[{"name":"tw","rect":[171,653,549,110],"offset":[0,0],"originalSize":[549,110],"capInsets":[0,0,0,0]}],[0],0,[0],[0],[0]],[[{"name":"collect","rect":[844,0,270,62],"offset":[0,0],"originalSize":[272,62],"rotated":1,"capInsets":[0,0,0,0]}],[0],0,[0],[0],[0]],[[{"name":"mw","rect":[171,543,526,110],"offset":[0,0],"originalSize":[526,110],"capInsets":[0,0,0,0]}],[0],0,[0],[0],[0]],[[{"name":"info_ways","rect":[664,998,100,37],"offset":[-1,-2],"originalSize":[102,53],"capInsets":[0,0,0,0]}],[0],0,[0],[0],[0]],[[{"name":"info_5","rect":[437,1050,304,67],"offset":[-1,0],"originalSize":[308,67],"capInsets":[0,0,0,0]}],[0],0,[0],[0],[0]],[[{"name":"bl_desc","rect":[124,0,701,130],"offset":[0,0],"originalSize":[701,130],"capInsets":[0,0,0,0]}],[0],0,[0],[0],[0]],[[{"name":"start","rect":[695,830,193,62],"offset":[0,0],"originalSize":[193,62],"capInsets":[0,0,0,0]}],[0],0,[0],[0],[0]],[[{"name":"info_4","rect":[171,763,646,67],"offset":[2,0],"originalSize":[666,67],"capInsets":[0,0,0,0]}],[0],0,[0],[0],[0]],[[{"name":"fsw","rect":[171,130,583,209],"offset":[0,0],"originalSize":[583,209],"capInsets":[0,0,0,0]}],[0],0,[0],[0],[0]],[[[0,"lang_packed.plist",[{},"bl_desc",6,0,"bw",6,1,"collect",6,2,"fb_btn",6,3,"fb_cancel",6,4,"fb_cost",6,5,"fb_desc",6,6,"fb_start",6,7,"fb_title",6,8,"fsw",6,9,"info_1",6,10,"info_2",6,11,"info_3",6,12,"info_4",6,13,"info_5",6,14,"info_6",6,15,"info_tw",6,16,"info_ways",6,17,"info_win",6,18,"lfs",6,19,"mw",6,20,"rfs",6,21,"smw",6,22,"start",6,23,"tw",6,24,"tw_fs",6,25]]],0,0,[0,0,0,0,0,0,0,0,0,0,0,0,0,0,0,0,0,0,0,0,0,0,0,0,0,0],[1,2,3,4,5,6,7,8,9,10,11,12,13,14,15,16,17,18,19,20,21,22,23,24,25,26],[1,2,3,4,5,6,7,8,9,10,11,12,13,14,15,16,17,18,19,20,21,22,23,24,25,26]],[[{"name":"fb_btn","rect":[754,130,188,90],"offset":[0,0],"originalSize":[188,90],"rotated":1,"capInsets":[0,0,0,0]}],[0],0,[0],[0],[0]],[[{"name":"fb_title","rect":[855,270,439,64],"offset":[0,0],"originalSize":[439,64],"rotated":1,"capInsets":[0,0,0,0]}],[0],0,[0],[0],[0]]]]