[1,["4cFX3qsWNMQYO+QTJQJ7PX"],["_textureSetter"],["cc.SpriteFrame"],0,[[[{"name":"purple_4","rect":[187,1272,62,66],"offset":[0,0],"originalSize":[62,66],"capInsets":[0,0,0,0]}],[0],0,[0],[0],[0]],[[{"name":"purple_5","rect":[1,1343,62,64],"offset":[0,0],"originalSize":[62,64],"capInsets":[0,0,0,0]}],[0],0,[0],[0],[0]],[[{"name":"purple_1","rect":[65,1343,40,64],"offset":[0,0],"originalSize":[40,64],"capInsets":[0,0,0,0]}],[0],0,[0],[0],[0]],[[{"name":"purple_3","rect":[1,1143,71,64],"offset":[0,0],"originalSize":[71,64],"capInsets":[0,0,0,0]}],[0],0,[0],[0],[0]],[[{"name":"purple_6","rect":[69,1276,63,64],"offset":[0,0],"originalSize":[63,64],"capInsets":[0,0,0,0]}],[0],0,[0],[0],[0]],[[{"name":"purple_0","rect":[74,1144,68,64],"offset":[0,0],"originalSize":[68,64],"capInsets":[0,0,0,0]}],[0],0,[0],[0],[0]],[[{"name":"purple_8","rect":[1,1277,63,64],"offset":[0,0],"originalSize":[63,64],"capInsets":[0,0,0,0]}],[0],0,[0],[0],[0]],[[{"name":"purple_2","rect":[1,1209,66,66],"offset":[0,0],"originalSize":[66,66],"capInsets":[0,0,0,0]}],[0],0,[0],[0],[0]],[[{"name":"purple_9","rect":[69,1210,64,64],"offset":[0,0],"originalSize":[64,64],"capInsets":[0,0,0,0]}],[0],0,[0],[0],[0]],[[{"name":"purple_7","rect":[194,968,58,66],"offset":[0,0],"originalSize":[58,66],"capInsets":[0,0,0,0]}],[0],0,[0],[0],[0]]]]