[1,["d0IPYbCWlIYJBGaqpE3pal","18zNwf0/9D+L4wCHsnO+li","8aKOTfUqFN2bXOnuJiJ4+k","3dI/P4BhlHNr3WDZcB817m","ffTWuMuB1DU4hzWw2n45CJ","4dd8TV4UhC4q1ilevd4YAY","98R6QLw0JHa58jH16F2+z4","e7b/+3F9RD8oQfKV512jhx","29Uor0ZxdIjpQfwus6r2+O","f3mmd4PRVBjajeEzi3PRBB","4eZG2kuqpCnJk8RTQv9/l1","daUOt9XDBEMKhyo67DJVuW","b6cdSH1bZCjY4AnMwt3lz/","84Sn5jsTZN45Sonoi9fbPM","04qH/dp4NIfqwBTsPcftt/","701gDDMipIv5RwrxP+9YW7","bcrjfK9vtFHZrUlRICqHjE","92uOSJaatIvLpxrxRnLWRS","5fevc3C0tPx7uuZy0377Ky","3f3BKDRWRI2L3E52q6dIL6","66CexG+AhIaLXtg99qlMeo","79zLKSnJNA6JiGZHEfYBFa","83JhyLADNCFYL28RAZUqqf","a77yPTxxNPY4QPVODMOEZ0","87evCblx5PzZfJLjgkhHxn","0dodoJ6EZGJY3xvsbqRZ0I","7cEC3YSLRIbLsBQdvIGin4","acCjQiLohNKqqz6uKsV2ow","cb9Aey4MRJv552o576mzB1","45XUiOispONZfIvIcwVdSK","29CGbhY6dG7JKJQKFcD8mq","b4EAOM1S1IVrcjnnPOoxVi","dcDm39zwRHMaf0vQdKKn+u","cayTt7iYBPPJWdtsxAHyLY","57yVgpxktLdIO11WEjsaW9","2csCPEqslDCLGzAsnNbXHh","cfuE9UvAlEALVdncn85NLU","cc3zoZNRZKgZjTKXnfKsft","51HzwMqGBHzpYKa+MScsMB","38SWkVQsJKLIi6f4WN+wKp","f0XsEJaulFP571Z4yigASo","f69/oro+5G2YLUKppAdUqF","8dltqsYbpCnomIxXz3Ir10","e3FdCbGoxBT74QMilOuHiD","45mfZXa3ZP/JgfA6QVm72/","57DZPDhBZJ9LlcJxrdVc9A","e97EM7tVNA2I89e2J22iZC","805eX6WXBGca0sWN0rCT/+","3ea2USd7VCRZdaeV4Rnnf9","67ts6YMg9OLJFjUgz/DBd+","678DNzG+9NC6E/Kj6FGRjl","5dq6NSKlNDXKf35LRZO2sY","fbqNleez5CjrQtG4I7/rwy","d3euf5OKdKmr1JbSnlEV2q","f8T8eOUjFGp67qdpnPKd/v","9204Xud7BDeqDNTy+wv2Sy","8bnikNJn9LkYK+/0gYekAD","38Gg9BuZNAFq3XABr9kZfR","c7lDlD7uhNfbiCLdoGSXIx","7cQQhCJZhGKZyUbIHOK3gO","190mSWoeJJVr4Bc7VFDojS","8aOHZUE6NIX5NVWMdVS/FA","71g2LCpNZKIbAHKMOwTneX","a8zoKOGKNNDodKzDmDtSgl","73S8buxoFGw4vjn/Detulw","cdJY+G+O1KQp3sADd2Da72","dcMruECo9HQK5y8SxR3RAS","c1vnNyYkNFkqCePvdbfMMI","a9X3GEkBZB3ZXNYo4GXeJv","37a/cvoWRAZLVdGpjnL7Wc","35WCqxpBpFnKo73B8pVduI"],["_textureSetter","value","node","_spriteFrame","root","data","winEffectItem","_defaultClip","vfxFHolder","freeSpinMult","freeSpinMultMask","shuffleAnim","goldSprite","silverSprite","vfxDNodeSingle","vfxDNodeHolder","vfxDNodeBtm","vfxDNodeTop","vfxCNodeBtm","vfxCNodeTop","vfxBSpriteBtm","vfxBSpriteTop","vfxASprite","background","symbolSpine","symbolSprite","vfxFPrefab"],["cc.SpriteFrame",["cc.Node",["_name","_active","_opacity","_prefab","_components","_parent","_contentSize","_trs","_children","_color"],0,4,9,1,5,7,2,5],["cc.Node",["_name","_active","_opacity","_parent","_components","_prefab","_contentSize","_trs"],0,1,2,4,5,7],["cc.Sprite",["_sizeMode","_isTrimmedMode","_dstBlendFactor","_srcBlendFactor","node","_spriteFrame"],-1,1,6],["cc.AnimationClip",["_name","_duration","sample","wrapMode","curveData"],-1,11],["cc.Animation",["node","_clips","_defaultClip"],3,1,3,6],["cc.Prefab",["_name"],2],["cc.Node",["_name","_active","_parent","_components","_prefab","_contentSize","_trs"],1,1,12,4,5,7],["72cf3hUENBIsZ3obd+yD665",["node","winEffectItem"],3,1,6],["cc.PrefabInfo",["fileId","root"],2,1],["f204fgNgJ1JZ59TkcoDgfSy",["node","symbolSprite","symbolSpine","background","vfxASpriteFrame","vfxASprite","vfxBSpriteTop","vfxBSpriteBtm","vfxCNodeTop","vfxCNodeBtm","vfxDNodeTop","vfxDNodeBtm","vfxDNodeHolder","vfxDNodeSingle","silverSprite","goldSprite","silverSpriteFrame","goldSpriteFrame","shuffleAnim","freeSpinMultMask","freeSpinMult","vfxFHolder","vfxFPrefab"],3,1,1,1,1,3,1,1,1,1,1,1,1,1,1,1,1,12,12,1,1,1,1,6],["cc.Mask",["node"],3,1],["sp.Skeleton",["node"],3,1]],[[9,0,1,2],[3,0,1,4,3],[3,3,2,0,1,4,5],[4,0,1,2,3,4,5],[6,0,2],[2,0,1,3,4,5,6,3],[2,0,1,3,4,5,6,7,3],[3,3,2,0,1,4,5,5],[3,2,0,1,4,5,4],[1,0,1,5,4,3,9,6,7,3],[1,0,5,4,3,6,7,2],[4,0,1,2,4,4],[1,0,4,3,2],[1,0,4,3,6,7,2],[1,0,8,4,3,2],[1,0,1,5,8,4,3,6,3],[1,0,1,2,5,8,3,4],[1,0,5,4,3,6,2],[1,0,1,5,4,3,6,7,3],[1,0,5,3,2],[7,0,1,2,3,4,5,6,3],[2,0,1,2,3,4,5,6,4],[2,0,1,3,4,5,3],[8,0,1,1],[5,0,1,2,1],[5,0,1,1],[10,0,1,2,3,4,5,6,7,8,9,10,11,12,13,14,15,16,17,18,19,20,21,22,1],[11,0,1],[12,0,1]],[[[{"name":"shuffle_a_05","rect":[1,613,121,202],"offset":[0,0],"originalSize":[121,202],"capInsets":[0,0,0,0]}],[0],0,[0],[0],[0]],[[{"name":"shuffle_b_04","rect":[315,315,121,312],"offset":[0,0],"originalSize":[121,312],"rotated":1,"capInsets":[0,0,0,0]}],[0],0,[0],[0],[1]],[[{"name":"shuffle_c_01","rect":[1,413,121,410],"offset":[0,0],"originalSize":[121,410],"capInsets":[0,0,0,0]}],[0],0,[0],[0],[2]],[[{"name":"shuffle_b_09","rect":[616,1,121,312],"offset":[0,0],"originalSize":[121,312],"capInsets":[0,0,0,0]}],[0],0,[0],[0],[1]],[[{"name":"wh_vfx_b_screen","rect":[1,1277,196,137],"offset":[0,0],"originalSize":[196,137],"capInsets":[0,0,0,0]}],[0],0,[0],[0],[4]],[[{"name":"wh_vfx_f_screen_01","rect":[361,157,146,136],"offset":[9,1],"originalSize":[210,210],"capInsets":[0,0,0,0]}],[0],0,[0],[0],[3]],[[{"name":"shuffle_c_11","rect":[493,413,121,410],"offset":[0,0],"originalSize":[121,410],"capInsets":[0,0,0,0]}],[0],0,[0],[0],[2]],[[{"name":"shuffle_c_10","rect":[370,413,121,410],"offset":[0,0],"originalSize":[121,410],"capInsets":[0,0,0,0]}],[0],0,[0],[0],[2]],[[{"name":"wh_vfx_f_screen_05","rect":[1,181,178,170],"offset":[14,0],"originalSize":[210,210],"capInsets":[0,0,0,0]}],[0],0,[0],[0],[3]],[[{"name":"wh_vfx_a_screen_01","rect":[1642,1179,150,125],"offset":[0,0],"originalSize":[150,125],"capInsets":[0,0,0,0]}],[0],0,[0],[0],[4]],[[{"name":"shuffle_a_10","rect":[124,613,121,202],"offset":[0,0],"originalSize":[121,202],"capInsets":[0,0,0,0]}],[0],0,[0],[0],[0]],[[{"name":"shuffle_b_08","rect":[124,1,121,312],"offset":[0,0],"originalSize":[121,312],"capInsets":[0,0,0,0]}],[0],0,[0],[0],[1]],[[[3,"win_shuffle_a",0.6666666666666666,18,"2",[{},"comps",11,[{},"cc.Sprite",11,[{},"spriteFrame",12,[[[{"frame":0},"value",6,0],[{"frame":0.05555555555555555},"value",6,1],[{"frame":0.1111111111111111},"value",6,2],[{"frame":0.16666666666666666},"value",6,3],[{"frame":0.2222222222222222},"value",6,4],[{"frame":0.2777777777777778},"value",6,5],[{"frame":0.3333333333333333},"value",6,6],[{"frame":0.3888888888888889},"value",6,7],[{"frame":0.4444444444444444},"value",6,8],[{"frame":0.5},"value",6,9],[{"frame":0.5555555555555556},"value",6,10],[{"frame":0.6111111111111112},"value",6,11]],11,11,11,11,11,11,11,11,11,11,11,11]]]]]],0,0,[0,0,0,0,0,0,0,0,0,0,0,0],[1,1,1,1,1,1,1,1,1,1,1,1],[9,10,11,12,13,14,15,16,17,18,19,20]],[[{"name":"wh_vfx_d_add","rect":[1849,480,150,210],"offset":[0,0],"originalSize":[150,210],"capInsets":[0,0,0,0]}],[0],0,[0],[0],[4]],[[{"name":"shuffle_a_01","rect":[1,205,121,202],"offset":[0,0],"originalSize":[121,202],"capInsets":[0,0,0,0]}],[0],0,[0],[0],[0]],[[{"name":"wh_vfx_f_screen_04","rect":[175,357,172,164],"offset":[13,0],"originalSize":[210,210],"capInsets":[0,0,0,0]}],[0],0,[0],[0],[3]],[[[3,"win_shuffle_b",0.6666666666666666,18,"2",[{},"comps",11,[{},"cc.Sprite",11,[{},"spriteFrame",12,[[[{"frame":0},"value",6,0],[{"frame":0.05555555555555555},"value",6,1],[{"frame":0.1111111111111111},"value",6,2],[{"frame":0.16666666666666666},"value",6,3],[{"frame":0.2222222222222222},"value",6,4],[{"frame":0.2777777777777778},"value",6,5],[{"frame":0.3333333333333333},"value",6,6],[{"frame":0.3888888888888889},"value",6,7],[{"frame":0.4444444444444444},"value",6,8],[{"frame":0.5},"value",6,9],[{"frame":0.5555555555555556},"value",6,10],[{"frame":0.6111111111111112},"value",6,11]],11,11,11,11,11,11,11,11,11,11,11,11]]]]]],0,0,[0,0,0,0,0,0,0,0,0,0,0,0],[1,1,1,1,1,1,1,1,1,1,1,1],[21,22,23,24,25,26,27,28,29,30,31,32]],[[{"name":"wh_vfx_f_screen_00","rect":[357,295,132,116],"offset":[2,-1],"originalSize":[210,210],"capInsets":[0,0,0,0]}],[0],0,[0],[0],[3]],[[{"name":"wh_vfx_a_screen_04","rect":[393,353,150,340],"offset":[0,0],"originalSize":[150,340],"capInsets":[0,0,0,0]}],[0],0,[0],[0],[4]],[[{"name":"shuffle_a_09","rect":[1,817,121,202],"offset":[0,0],"originalSize":[121,202],"capInsets":[0,0,0,0]}],[0],0,[0],[0],[0]],[[{"name":"shuffle_a_11","rect":[124,817,121,202],"offset":[0,0],"originalSize":[121,202],"capInsets":[0,0,0,0]}],[0],0,[0],[0],[0]],[[{"name":"wh_vfx_a_screen_02","rect":[1477,1251,150,200],"offset":[0,0],"originalSize":[150,200],"capInsets":[0,0,0,0]}],[0],0,[0],[0],[4]],[[{"name":"wh_vfx_a_screen_03","rect":[1849,203,150,275],"offset":[0,0],"originalSize":[150,275],"capInsets":[0,0,0,0]}],[0],0,[0],[0],[4]],[[{"name":"shuffle_a_06","rect":[124,409,121,202],"offset":[0,0],"originalSize":[121,202],"capInsets":[0,0,0,0]}],[0],0,[0],[0],[0]],[[{"name":"shuffle_c_03","rect":[124,413,121,410],"offset":[0,0],"originalSize":[121,410],"capInsets":[0,0,0,0]}],[0],0,[0],[0],[2]],[[{"name":"shuffle_c_05","rect":[247,413,121,410],"offset":[0,0],"originalSize":[121,410],"capInsets":[0,0,0,0]}],[0],0,[0],[0],[2]],[[{"name":"shuffle_b_00","rect":[1,1,121,312],"offset":[0,0],"originalSize":[121,312],"capInsets":[0,0,0,0]}],[0],0,[0],[0],[1]],[[{"name":"shuffle_b_05","rect":[370,1,121,312],"offset":[0,0],"originalSize":[121,312],"capInsets":[0,0,0,0]}],[0],0,[0],[0],[1]],[[{"name":"shuffle_c_00","rect":[1,1,121,410],"offset":[0,0],"originalSize":[121,410],"capInsets":[0,0,0,0]}],[0],0,[0],[0],[2]],[[{"name":"shuffle_b_01","rect":[1,315,121,312],"offset":[0,0],"originalSize":[121,312],"rotated":1,"capInsets":[0,0,0,0]}],[0],0,[0],[0],[1]],[[{"name":"shuffle_a_04","rect":[124,205,121,202],"offset":[0,0],"originalSize":[121,202],"capInsets":[0,0,0,0]}],[0],0,[0],[0],[0]],[[{"name":"shuffle_b_03","rect":[247,1,121,312],"offset":[0,0],"originalSize":[121,312],"capInsets":[0,0,0,0]}],[0],0,[0],[0],[1]],[[{"name":"shuffle_c_02","rect":[124,1,121,410],"offset":[0,0],"originalSize":[121,410],"capInsets":[0,0,0,0]}],[0],0,[0],[0],[2]],[[{"name":"wh_vfx_f_screen_08","rect":[181,181,174,174],"offset":[18,1],"originalSize":[210,210],"capInsets":[0,0,0,0]}],[0],0,[0],[0],[3]],[[{"name":"shuffle_a_08","rect":[124,1,121,202],"offset":[0,0],"originalSize":[121,202],"capInsets":[0,0,0,0]}],[0],0,[0],[0],[0]],[[[4,"win_effect_controller"],[12,"win_effect_controller",[[23,-2,0]],[0,"e6dtTlpttE34bS7AJYItEJ",-1]]],0,[0,4,1,0,2,1,0,5,1,2],[0],[6],[33]],[[[11,"wh_vfx_f",0.6111111111111112,18,[{},"comps",11,[{},"cc.Sprite",11,[{},"spriteFrame",12,[[[{"frame":0},"value",6,0],[{"frame":0.05555555555555555},"value",6,1],[{"frame":0.1111111111111111},"value",6,2],[{"frame":0.16666666666666666},"value",6,3],[{"frame":0.2222222222222222},"value",6,4],[{"frame":0.2777777777777778},"value",6,5],[{"frame":0.3333333333333333},"value",6,6],[{"frame":0.3888888888888889},"value",6,7],[{"frame":0.4444444444444444},"value",6,8],[{"frame":0.5},"value",6,9],{"frame":0.5555555555555556,"value":null}],11,11,11,11,11,11,11,11,11,11,0]]]]]],0,0,[0,0,0,0,0,0,0,0,0,0],[1,1,1,1,1,1,1,1,1,1],[34,35,36,37,38,39,40,41,42,43]],[[{"name":"shuffle_b_02","rect":[124,1,121,312],"offset":[0,0],"originalSize":[121,312],"capInsets":[0,0,0,0]}],[0],0,[0],[0],[1]],[[{"name":"shuffle_c_04","rect":[247,1,121,410],"offset":[0,0],"originalSize":[121,410],"capInsets":[0,0,0,0]}],[0],0,[0],[0],[2]],[[{"name":"shuffle_c_09","rect":[493,1,121,410],"offset":[0,0],"originalSize":[121,410],"capInsets":[0,0,0,0]}],[0],0,[0],[0],[2]],[[{"name":"shuffle_b_06","rect":[493,1,121,312],"offset":[0,0],"originalSize":[121,312],"capInsets":[0,0,0,0]}],[0],0,[0],[0],[1]],[[{"name":"shuffle_b_10","rect":[629,315,121,312],"offset":[0,0],"originalSize":[121,312],"rotated":1,"capInsets":[0,0,0,0]}],[0],0,[0],[0],[1]],[[{"name":"shuffle_a_03","rect":[1,409,121,202],"offset":[0,0],"originalSize":[121,202],"capInsets":[0,0,0,0]}],[0],0,[0],[0],[0]],[[{"name":"shuffle_a_07","rect":[1,205,121,202],"offset":[0,0],"originalSize":[121,202],"capInsets":[0,0,0,0]}],[0],0,[0],[0],[0]],[[{"name":"shuffle_c_08","rect":[124,1,121,410],"offset":[0,0],"originalSize":[121,410],"capInsets":[0,0,0,0]}],[0],0,[0],[0],[2]],[[[4,"wh_vfx_f_screen"],[13,"wh_vfx_f_screen",[[2,1,769,2,false,-2],[24,-3,[1],0]],[0,"9fpNuUqlNPJpWeVqs6vNdm",-1],[5,210,210],[0,0,0,0,0,0,1,1.43,1.43,1]]],0,[0,4,1,0,2,1,0,2,1,0,5,1,3],[0,0],[7,-1],[6,6]],[[[4,"win_payout_effect_player"],[14,"win_payout_effect_player",[-21,-22,-23,-24,-25,-26,-27,-28,-29,-30,-31,-32,-33,-34,-35],[[26,-20,-19,-18,-17,[9,10,11,12],-16,-15,-14,-13,-12,-11,-10,-9,-8,-7,-6,[[null,13,14,15],0,6,6,6],[[null,16,17,18],0,6,6,6],-5,-4,-3,-2,19]],[0,"01Z5Nmtz1Bcodn7Nk9sE1h",-1]],[15,"mask",false,1,[-37],[[27,-36]],[0,"d5fLzBtk1MoKbnxd7FXwV/",1],[5,180,150]],[16,"wh_vfx_d_holder",false,0,1,[-38,-39],[0,"eebZrpLkdOXpw4ozYjKJt7",1]],[9,"wh_vfx_c_screen_top",false,1,[[7,1,769,2,false,-40,0]],[0,"f3Au+HkpVJw5V4yagzQopj",1],[4,4278190080],[5,75,75],[0,415,0,0,0,0,1,3.33,3.33,1]],[9,"wh_vfx_c_screen_btm",false,1,[[7,1,769,2,false,-41,1]],[0,"9dRXm5R8VJlo3SpWBrLm7A",1],[4,4278190080],[5,75,75],[0,-415,0,0,0,0,1,3.33,-3.33,1]],[20,"shuffle",false,1,[[[1,2,false,-42],-43],4,1],[0,"c6Hu/cGhdC046oX/05pbDL",1],[5,121,202],[0,0,0,0,0,0,1,1.43,1.43,1]],[17,"freespin_multi_vfx_b_screen",2,[[7,1,769,2,false,-44,5]],[0,"df3sNk49xKSrKZ43g3t1i/",1],[5,150,150]],[10,"wh_vfx_d_add_top",3,[[8,1,2,false,-45,6]],[0,"9brdVmXWRKt6GE5NYDk7rz",1],[5,150,210],[0,130,0,0,0,0,1,2,2,1]],[10,"wh_vfx_d_add_btm",3,[[8,1,2,false,-46,7]],[0,"87PR1nEGtHYrt3owbiF+hL",1],[5,150,210],[0,-130,0,0,0,0,1,2,2,1]],[18,"wh_vfx_d_add",false,1,[[8,1,2,false,-47,8]],[0,"8bTakPVlhPTrCSKnveRw+d",1],[5,150,210],[0,0,0,0,0,0,1,2,1,1]],[25,6,[2,3,4]],[21,"background",false,0,1,[-48],[0,"afAKCJfmNDk6qOwF8wOPvq",1],[5,350,350]],[1,2,false,12],[5,"s_silver_frame",false,1,[-49],[0,"91mgLYq0dNaK2zYXr1VM+d",1],[5,350,350]],[1,2,false,14],[5,"s_gold_frame",false,1,[-50],[0,"50P6F8NZVB7acXaz9DfEye",1],[5,350,350]],[1,2,false,16],[6,"wh_vfx_b_screen_top",false,1,[-51],[0,"31YhEZhzdIgpjzsu5fq1Px",1],[5,196,137],[0,195,0,0,0,0,1,1.43,1.43,1]],[2,1,769,2,false,18],[6,"wh_vfx_b_screen_btm",false,1,[-52],[0,"b6aZYm5qVEnJfE7U3P9/cY",1],[5,196,137],[0,-195,0,0,0,0,1,1.43,-1.43,1]],[2,1,769,2,false,20],[5,"sprite",false,1,[-53],[0,"1fQUfRciNPZKTZU62SdqOo",1],[5,350,350]],[1,2,false,22],[22,"spine",false,1,[-54],[0,"a1ZulZilBB5rR9Ju2uf3bw",1]],[28,24],[6,"wh_vfx_a_screen",false,1,[-55],[0,"b6a/P+INhB+LCFUYHUcwFx",1],[5,150,340],[0,0,0,0,0,0,1,2,2,1]],[2,1,769,2,false,26],[19,"wh_vfx_f_screen_holder",1,[0,"13MvMdTX9CIbgOYmaXOtUB",1]]],0,[0,4,1,0,8,28,0,9,7,0,10,2,0,11,11,0,12,17,0,13,15,0,14,10,0,15,3,0,16,9,0,17,8,0,18,5,0,19,4,0,20,21,0,21,19,0,22,27,0,23,13,0,24,25,0,25,23,0,2,1,0,-1,4,0,-2,5,0,-3,6,0,-4,12,0,-5,2,0,-6,14,0,-7,16,0,-8,3,0,-9,10,0,-10,18,0,-11,20,0,-12,22,0,-13,24,0,-14,26,0,-15,28,0,2,2,0,-1,7,0,-1,8,0,-2,9,0,2,4,0,2,5,0,2,6,0,-2,11,0,2,7,0,2,8,0,2,9,0,2,10,0,-1,13,0,-1,15,0,-1,17,0,-1,19,0,-1,21,0,-1,23,0,-1,25,0,-1,27,0,5,1,55],[0,0,0,0,0,0,0,0,0,0,0,0,0,0,0,0,0,0,0,0,19,21],[3,3,-1,-2,-3,3,3,3,3,-1,-2,-3,-4,-2,-3,-4,-2,-3,-4,26,3,3],[7,7,44,45,46,47,5,5,5,48,49,50,51,52,53,54,55,56,57,58,8,8]],[[{"name":"shuffle_b_07","rect":[1,315,121,312],"offset":[0,0],"originalSize":[121,312],"rotated":1,"capInsets":[0,0,0,0]}],[0],0,[0],[0],[1]],[[{"name":"wh_vfx_f_screen_03","rect":[349,413,166,160],"offset":[12,2],"originalSize":[210,210],"rotated":1,"capInsets":[0,0,0,0]}],[0],0,[0],[0],[3]],[[{"name":"shuffle_c_06","rect":[370,1,121,410],"offset":[0,0],"originalSize":[121,410],"capInsets":[0,0,0,0]}],[0],0,[0],[0],[2]],[[{"name":"wh_vfx_f_screen_02","rect":[361,1,154,148],"offset":[10,0],"originalSize":[210,210],"rotated":1,"capInsets":[0,0,0,0]}],[0],0,[0],[0],[3]],[[{"name":"shuffle_a_02","rect":[124,1,121,202],"offset":[0,0],"originalSize":[121,202],"capInsets":[0,0,0,0]}],[0],0,[0],[0],[0]],[[{"name":"shuffle_b_11","rect":[739,1,121,312],"offset":[0,0],"originalSize":[121,312],"capInsets":[0,0,0,0]}],[0],0,[0],[0],[1]],[[{"name":"shuffle_c_07","rect":[1,413,121,410],"offset":[0,0],"originalSize":[121,410],"capInsets":[0,0,0,0]}],[0],0,[0],[0],[2]],[[{"name":"wh_vfx_f_screen_09","rect":[1,353,172,168],"offset":[19,0],"originalSize":[210,210],"capInsets":[0,0,0,0]}],[0],0,[0],[0],[3]],[[[3,"win_shuffle_c",0.6666666666666666,18,"2",[{},"comps",11,[{},"cc.Sprite",11,[{},"spriteFrame",12,[[[{"frame":0},"value",6,0],[{"frame":0.05555555555555555},"value",6,1],[{"frame":0.1111111111111111},"value",6,2],[{"frame":0.16666666666666666},"value",6,3],[{"frame":0.2222222222222222},"value",6,4],[{"frame":0.2777777777777778},"value",6,5],[{"frame":0.3333333333333333},"value",6,6],[{"frame":0.3888888888888889},"value",6,7],[{"frame":0.4444444444444444},"value",6,8],[{"frame":0.5},"value",6,9],[{"frame":0.5555555555555556},"value",6,10],[{"frame":0.6111111111111112},"value",6,11]],11,11,11,11,11,11,11,11,11,11,11,11]]]]]],0,0,[0,0,0,0,0,0,0,0,0,0,0,0],[1,1,1,1,1,1,1,1,1,1,1,1],[59,60,61,62,63,64,65,66,67,68,69,70]],[[{"name":"wh_vfx_f_screen_06","rect":[1,1,178,178],"offset":[16,3],"originalSize":[210,210],"capInsets":[0,0,0,0]}],[0],0,[0],[0],[3]],[[{"name":"shuffle_a_00","rect":[1,1,121,202],"offset":[0,0],"originalSize":[121,202],"capInsets":[0,0,0,0]}],[0],0,[0],[0],[0]],[[{"name":"wh_vfx_f_screen_07","rect":[181,1,178,178],"offset":[16,3],"originalSize":[210,210],"capInsets":[0,0,0,0]}],[0],0,[0],[0],[3]]]]