[1,["4cFX3qsWNMQYO+QTJQJ7PX","5b6aNLPJJBqJbENCV11ET/","ffpaNphvlNq4WmO3MFBFbI","deVG+W51dFgq2kJqNTM461","877f69G5VK07IJAL3q2+Dm","32MNlm/aJIBIA2Emh3EAs6","12gvjI535LW5uRuW4HwekA","e6UJd0evdDAJzRbd95yq++","79R88HJARMMIsSXU6Fm/z1","c5EHos56tD04LrTMilPXVG","d1j78CQTtJkK0IuZP/ZZb/","cbMwgFuO1MTJRdqYo2rxcc","ecpdLyjvZBwrvm+cedCcQy"],["node","_textureSetter","_spriteFrame","displayController","_parent","root","bonusSprite","normalSprite","bonusEmptyWayNode","bonusNumberNode","bonusNumberHolderNode","titleSprite","emptyWayNode","numberNode","numberHolderNode","data"],["cc.SpriteFrame",["cc.Node",["_name","_active","_prefab","_children","_components","_parent","_contentSize","_trs"],1,4,2,9,1,5,7],["cc.Node",["_name","_parent","_components","_prefab","_contentSize","_trs"],2,1,2,4,5,7],["cc.PrefabInfo",["fileId","root","asset"],2,1,1],["cc.Layout",["_resize","_N$layoutType","_N$spacingX","_N$affectedByScale","node","_layoutSize"],-1,1,5],["6ce4aSiKeVGJZPyEX2VbsSD",["rollDuration","node","displayController"],2,1,1],["cc.Sprite",["_sizeMode","_isTrimmedMode","node","_materials","_spriteFrame"],1,1,3,6],["cc.Prefab",["_name"],2],["cc.Node",["_name","_components","_prefab","_contentSize"],2,12,4,5],["69450s6SItHBbGdUWRLDSun",["node","numberHolderNode","numberNode","emptyWayNode","titleSprite","bonusNumberHolderNode","bonusNumberNode","bonusEmptyWayNode","normalSprite","bonusSprite"],3,1,1,1,1,1,1,1,1,1,1],["e13cc9FLShL66GevrFVSv5p",["maxContainerSize","enableComma","enableDecimal","kSprite","nodeNumberWidth","nodeNumberScale","commaWidth","commaY","commaScale","decimalWidth","decimalScale","decimalNumberWidth","decimalNumberY","decimalNumberScale","multiplySpriteWidth","multiplySpriteScale","spriteColor","node","numberContainer","numberSprite","numberBlurSprite"],-14,1,1,3,3]],[[3,0,1,2,2],[1,0,5,4,2,6,7,2],[6,0,1,2,4,3],[6,0,1,2,3,3],[1,0,1,5,3,4,2,6,3],[1,0,1,5,3,2,6,3],[8,0,1,2,3,2],[2,0,1,2,3,4,2],[4,0,1,2,3,4,5,5],[10,0,1,2,3,4,5,6,7,8,9,10,11,12,13,14,15,16,17,18,19,20,18],[7,0,2],[1,0,3,4,2,2],[1,0,5,3,4,2,6,7,2],[2,0,1,2,3,4,5,2],[9,0,1,2,3,4,5,6,7,8,9,1],[3,1,2,1],[4,0,1,2,3,4,5],[5,0,1,2,2],[5,1,2,1]],[[[{"name":"blue_decimal","rect":[233,1,22,22],"offset":[0,0],"originalSize":[22,22],"capInsets":[0,0,0,0]}],[0],0,[0],[1],[0]],[[[10,"way_win_controller"],[11,"way_win_controller",[-12,-13,-14],[[14,-11,-10,-9,-8,-7,-6,-5,-4,-3,-2]],[15,-1,0]],[12,"layout_holder",1,[-16,-17,-18,-19,-20],[[8,1,1,30,true,-15,[5,145.85999999999999,100]]],[0,"710/qVmrhPqah4z9PM0cl4",1,0],[5,145.85999999999999,100],[20,0,0,0,0,0,1,1,1,1]],[4,"dot_holder",false,2,[-22,-23,-24],[[8,1,1,50,true,-21,[5,194.38,88]]],[0,"5bUw/gC/ZFHack/spJGuqB",1,0],[5,194.38,88]],[4,"bonus_dot_holder",false,2,[-26,-27,-28],[[16,1,1,50,true,-25]],[0,"cbGoGdC75DA72GAZKevjFZ",1,0],[5,194.38,88]],[6,"amount",[[-29,[17,0.5,-31,-30]],1,4],[0,"16vIfyjsZOU4F78UajCQ/B",1,0],[5,350,100]],[6,"bonus_amount",[[-32,[18,-34,-33]],1,4],[0,"58n7i2KaBGN7FtuJg4dOZL",1,0],[5,350,100]],[5,"amount_holder",false,2,[5],[0,"deDiYMpeFHep0yxcQEaj3H",1,0],[5,194,100]],[5,"bonus_amount_holder",false,2,[6],[0,"59GO9x8RVNFKCAO+1jmKS3",1,0],[5,194,100]],[7,"ways_bar",1,[-35],[0,"d6NJZvoolEw6/9OuI1OX1W",1,0],[5,842,88]],[3,2,false,9,[0]],[7,"bonus_way_bar",1,[-36],[0,"76xYanSrlOr7O58Wz06mq+",1,0],[5,842,88]],[3,2,false,11,[1]],[1,"bl_decimal",3,[[2,2,false,-37,2]],[0,"5fXSv1XlhEaYo0D0ok31Ol",1,0],[5,22,22],[-81.46000000000001,0,0,0,0,0,1,1.43,1.43,1]],[1,"bl_decimal",3,[[2,2,false,-38,3]],[0,"5aatHe+8xJfZWA5BYK5T/1",1,0],[5,22,22],[-7.105427357601002e-15,0,0,0,0,0,1,1.43,1.43,1]],[1,"bl_decimal",3,[[2,2,false,-39,4]],[0,"caH7iTFB5BiKyx/3PUjXq9",1,0],[5,22,22],[81.46,0,0,0,0,0,1,1.43,1.43,1]],[1,"bl_decimal",4,[[2,2,false,-40,5]],[0,"4fgb9mtS9EuYM1R09PqQ/B",1,0],[5,22,22],[-134.27,0,0,0,0,0,1,1.43,1.43,1]],[1,"bl_decimal",4,[[2,2,false,-41,6]],[0,"819GAK8A9HrJRCaIeyuBTo",1,0],[5,22,22],[-52.81,0,0,0,0,0,1,1.43,1.43,1]],[1,"bl_decimal",4,[[2,2,false,-42,7]],[0,"08zLESVrtOTbJOpCflD4vL",1,0],[5,22,22],[28.64999999999999,0,0,0,0,0,1,1.43,1.43,1]],[9,350,false,false,null,50,1.43,10,-20,1.43,0,0,0,0,0,0,0,"#FFFFFF",5,5,[8,9,10,11,12,13,14,15,16,17],[18,19,20,21,22,23,24,25,26,27]],[9,350,false,false,null,50,1.43,10,-15,1.43,0,0,0,0,0,0,0,"#FFFFFF",6,6,[28,29,30,31,32,33,34,35,36,37],[38,39,40,41,42,43,44,45,46,47]],[13,"ways",2,[-43],[0,"e8jcvKi6tPcYCknOW4lm59",1,0],[5,102,53],[0,0,0,0,0,0,1,1.43,1.43,1]],[3,2,false,21,[48]]],0,[0,5,1,0,6,12,0,7,10,0,8,4,0,9,6,0,10,8,0,11,22,0,12,3,0,13,5,0,14,7,0,0,1,0,-1,9,0,-2,11,0,-3,2,0,0,2,0,-1,3,0,-2,4,0,-3,7,0,-4,8,0,-5,21,0,0,3,0,-1,13,0,-2,14,0,-3,15,0,0,4,0,-1,16,0,-2,17,0,-3,18,0,-1,19,0,3,19,0,0,5,0,-1,20,0,3,20,0,0,6,0,-1,10,0,-1,12,0,0,13,0,0,14,0,0,15,0,0,16,0,0,17,0,0,18,0,-1,22,0,15,1,5,4,7,6,4,8,43],[0,0,0,0,0,0,0,0,0,0,0,0,0,0,0,0,0,0,0,0,0,0,0,0,0,0,0,0,0,0,0,0,0,0,0,0,0,0,0,0,0,0,0,0,0,0,0,0,0],[-1,-1,2,2,2,2,2,2,-1,-2,-3,-4,-5,-6,-7,-8,-9,-10,-1,-2,-3,-4,-5,-6,-7,-8,-9,-10,-1,-2,-3,-4,-5,-6,-7,-8,-9,-10,-1,-2,-3,-4,-5,-6,-7,-8,-9,-10,-1],[12,12,1,1,1,1,1,1,2,3,4,5,6,7,8,9,10,11,2,3,4,5,6,7,8,9,10,11,2,3,4,5,6,7,8,9,10,11,2,3,4,5,6,7,8,9,10,11,12]],[[{"name":"blue_2","rect":[209,726,46,47],"offset":[0,0],"originalSize":[46,47],"capInsets":[0,0,0,0]}],[0],0,[0],[1],[0]],[[{"name":"blue_7","rect":[213,265,42,47],"offset":[0,0],"originalSize":[42,47],"capInsets":[0,0,0,0]}],[0],0,[0],[1],[0]],[[{"name":"blue_9","rect":[144,1193,48,47],"offset":[0,0],"originalSize":[48,47],"capInsets":[0,0,0,0]}],[0],0,[0],[1],[0]],[[{"name":"blue_8","rect":[107,1342,47,47],"offset":[0,0],"originalSize":[47,47],"capInsets":[0,0,0,0]}],[0],0,[0],[1],[0]],[[{"name":"blue_1","rect":[223,216,26,47],"offset":[0,0],"originalSize":[26,47],"capInsets":[0,0,0,0]}],[0],0,[0],[1],[0]],[[{"name":"blue_0","rect":[135,1242,50,47],"offset":[0,0],"originalSize":[50,47],"capInsets":[0,0,0,0]}],[0],0,[0],[1],[0]]]]