[1,["c1bQyjg+lIj5d96zyR2PC/","a5c2cRXLNL47X3dPU/F56/","5eDh7zKwtLNYqeRnOovk62","0aYsBF+R1HOLde9q15mhsD","ab6Uv6FF9EGJWIj+NATUk6","30ovVRuChONaaMuut2Il01","e7b/+3F9RD8oQfKV512jhx","a2MjXRFdtLlYQ5ouAFv/+R","56LVU30r9H7ZxaJGwuLwgr","f3wr+RrcVAj78pFUHXPL0H","e2ylk7yPVJLpDgwved+SXe","f2zTWRDXJPxbCQuk/2VHx2","88FKo+Pr5FIptrm6yh/t2g","c6xKX2zEpCzp8LGZqe8dCf","6bXyQ5ne5EMbdpJ+KY1StX","f5vtXSghdGroOQH2XuSrFM","ceDqRad5FPqLJU6Z9N/hB3","bc+ZfcamdH6pRKG9T3O9B+","09O3CW+AtOtpUMpBjlBNU8","cfGIApKxBJ0LctMACYDyt0","10kVGH7EdKYaei14w/YmGa","a3JxDYZvVMO79G9wwNsiS8","20kktyRoNFDJUjpghNqj3+","e24auu7WhOd4WFxPUWUx2C","33FTxq+ZZAtbFnRRQCXu6z","43T2n5tTxIXK18lr4coWOI","55WTD7JchKkLI7OPD2L6O6","c3HhGMa7JLM4fe6A81bZCo","8abZzcB8xHoLRnp+mYrDow","91jLeCeNJAcYEEFJXhoIWs","56MsBMW6pCcKfDsXaOUwiK","1eMnE5bohEpKWIQdH1A/NU","68pOnEgGRMlZ16G/4SdXAO","e0+zBH4RRBdpDGPzT2aFv4","18DC+xDVpDRq8PckbSJfzQ","9e+XlZuaFHuYuIiIY0qXyn","cdJYVgvRBFx6IUXHEt0egr","ceHe2WC/xPr6o4doeN9vGO","382s3NNxZAh69mAuswk0Jf","7dAbE2a9NBRJ0lX9yyo5Mw","8c+265Ai1DnZB+MwyzWM0D","2aHV5M8OVC/4zM9SIPTnsy","660RKiFbJLXLOCQU4JrpZx","6d9xY3vQhIpLalgh96/WFm","2eC2mEzQhH/Kv00k7myex/","cerpT/YjRN0YNoYS0LrPcU","a6Nz4aTdpH2pUrSWMDtpXu","c8h/wgRitPU5B7iQe/Bgxz","65c8NXo85AtaWgfkJ3uas+","5dzmp11EJPNoeVmARdN0k1","bcWigkzBxAjrXr35P0JeD8","60WS23BMFCUKwIbd4CQ0Or","caf51tWKRHvb6xpBCyJv6M","42q2Mlz6NMe5w0u7hKDcYn","c1gsLypVJAqIGssBl9mi/v","ffTWuMuB1DU4hzWw2n45CJ"],["_textureSetter","value","_spriteFrame","node","_defaultClip","root","vfxWHRightNode","vfxWHLeftNode","vfxCRightAnim","vfxCLeftAnim","vfxBAnim","vfxANode","effectHolder","rightTint","leftTint","data"],["cc.SpriteFrame",["cc.Node",["_name","_active","_prefab","_components","_parent","_children","_contentSize","_trs","_eulerAngles"],1,4,9,1,2,5,7,5],["cc.Node",["_name","_opacity","_parent","_components","_prefab","_color","_contentSize","_trs"],1,1,2,4,5,5,7],["cc.Sprite",["_sizeMode","_srcBlendFactor","_dstBlendFactor","_isTrimmedMode","_type","_fillRange","node","_spriteFrame"],-3,1,6],["cc.AnimationClip",["_name","_duration","sample","wrapMode","curveData"],-1,11],["cc.Prefab",["_name"],2],["cc.Node",["_name","_parent","_components","_prefab","_contentSize","_trs"],2,1,12,4,5,7],["357fa2ABCRJi652lzv0W3hj",["node","leftTint","rightTint","effectHolder","vfxANode","vfxBAnim","vfxCLeftAnim","vfxCRightAnim","vfxWHLeftNode","vfxWHRightNode"],3,1,1,1,1,1,1,1,1,1,1],["cc.PrefabInfo",["fileId","root"],2,1],["cc.Animation",["node","_clips"],3,1,3]],[[8,0,1,2],[3,1,2,0,3,6,7,5],[6,0,1,2,3,4,5,2],[9,0,1,1],[4,0,1,2,3,4,5],[1,0,4,5,2,2],[1,0,4,3,2,6,7,8,2],[3,4,0,5,6,4],[5,0,2],[1,0,1,5,3,2,3],[1,0,4,3,2,6,7,2],[2,0,1,2,3,4,5,6,3],[2,0,1,2,3,4,5,6,7,3],[7,0,1,2,3,4,5,6,7,8,9,1]],[[[{"name":"fspin_vfx_b_screen_11","rect":[1,929,321,462],"offset":[2,1],"originalSize":[325,500],"capInsets":[0,0,0,0]}],[0],0,[0],[0],[1]],[[{"name":"fspin_vfx_c_screen_00","rect":[585,729,110,362],"offset":[-4,0],"originalSize":[140,368],"capInsets":[0,0,0,0]}],[0],0,[0],[0],[0]],[[{"name":"fspin_vfx_b_screen_13","rect":[1,1393,313,454],"offset":[2,5],"originalSize":[325,500],"capInsets":[0,0,0,0]}],[0],0,[0],[0],[1]],[[{"name":"fspin_vfx_c_screen_26","rect":[471,729,112,362],"offset":[-1,0],"originalSize":[140,368],"capInsets":[0,0,0,0]}],[0],0,[0],[0],[0]],[[{"name":"fspin_vfx_c_screen_23","rect":[809,729,110,362],"offset":[0,0],"originalSize":[140,368],"capInsets":[0,0,0,0]}],[0],0,[0],[0],[0]],[[{"name":"fspin_vfx_b_screen_15","rect":[633,1443,315,316],"offset":[5,74],"originalSize":[325,500],"capInsets":[0,0,0,0]}],[0],0,[0],[0],[1]],[[{"name":"fspin_vfx_c_screen_02","rect":[703,365,110,362],"offset":[-3,0],"originalSize":[140,368],"capInsets":[0,0,0,0]}],[0],0,[0],[0],[0]],[[{"name":"fspin_vfx_c_screen_05","rect":[121,1,118,362],"offset":[0,0],"originalSize":[140,368],"capInsets":[0,0,0,0]}],[0],0,[0],[0],[0]],[[[4,"fspin_vfx_b_screen",0.8888888888888888,18,"2",[{},"comps",11,[{},"cc.Sprite",11,[{},"spriteFrame",12,[[[{"frame":0},"value",6,0],[{"frame":0.05555555555555555},"value",6,1],[{"frame":0.1111111111111111},"value",6,2],[{"frame":0.16666666666666666},"value",6,3],[{"frame":0.2222222222222222},"value",6,4],[{"frame":0.2777777777777778},"value",6,5],[{"frame":0.3333333333333333},"value",6,6],[{"frame":0.3888888888888889},"value",6,7],[{"frame":0.4444444444444444},"value",6,8],[{"frame":0.5},"value",6,9],[{"frame":0.5555555555555556},"value",6,10],[{"frame":0.6111111111111112},"value",6,11],[{"frame":0.6666666666666666},"value",6,12],[{"frame":0.7222222222222222},"value",6,13],[{"frame":0.7777777777777778},"value",6,14],[{"frame":0.8333333333333334},"value",6,15]],11,11,11,11,11,11,11,11,11,11,11,11,11,11,11,11]]]]]],0,0,[0,0,0,0,0,0,0,0,0,0,0,0,0,0,0,0],[1,1,1,1,1,1,1,1,1,1,1,1,1,1,1,1],[8,9,10,11,12,4,13,14,15,16,17,18,19,20,21,22]],[[{"name":"fspin_vfx_c_screen_16","rect":[823,1,110,362],"offset":[-3,0],"originalSize":[140,368],"capInsets":[0,0,0,0]}],[0],0,[0],[0],[0]],[[{"name":"fspin_vfx_c_screen_30","rect":[709,1,112,362],"offset":[-3,0],"originalSize":[140,368],"capInsets":[0,0,0,0]}],[0],0,[0],[0],[0]],[[{"name":"fspin_vfx_c_screen_14","rect":[361,365,112,362],"offset":[-4,0],"originalSize":[140,368],"capInsets":[0,0,0,0]}],[0],0,[0],[0],[0]],[[{"name":"fspin_vfx_c_screen_17","rect":[357,729,112,362],"offset":[-4,0],"originalSize":[140,368],"capInsets":[0,0,0,0]}],[0],0,[0],[0],[0]],[[{"name":"fspin_vfx_c_screen_18","rect":[241,729,114,362],"offset":[-2,0],"originalSize":[140,368],"capInsets":[0,0,0,0]}],[0],0,[0],[0],[0]],[[{"name":"fspin_vfx_b_screen_00","rect":[316,1785,279,60],"offset":[3,-200],"originalSize":[325,500],"capInsets":[0,0,0,0]}],[0],0,[0],[0],[1]],[[{"name":"fspin_vfx_c_screen_22","rect":[815,365,110,362],"offset":[0,0],"originalSize":[140,368],"capInsets":[0,0,0,0]}],[0],0,[0],[0],[0]],[[{"name":"fspin_vfx_c_screen_10","rect":[121,729,118,362],"offset":[0,0],"originalSize":[140,368],"capInsets":[0,0,0,0]}],[0],0,[0],[0],[0]],[[[4,"fspin_vfx_c_screen",1.7777777777777777,18,"2",[{},"comps",11,[{},"cc.Sprite",11,[{},"spriteFrame",12,[[[{"frame":0},"value",6,0],[{"frame":0.05555555555555555},"value",6,1],[{"frame":0.1111111111111111},"value",6,2],[{"frame":0.16666666666666666},"value",6,3],[{"frame":0.2222222222222222},"value",6,4],[{"frame":0.2777777777777778},"value",6,5],[{"frame":0.3333333333333333},"value",6,6],[{"frame":0.3888888888888889},"value",6,7],[{"frame":0.4444444444444444},"value",6,8],[{"frame":0.5},"value",6,9],[{"frame":0.5555555555555556},"value",6,10],[{"frame":0.6111111111111112},"value",6,11],[{"frame":0.6666666666666666},"value",6,12],[{"frame":0.7222222222222222},"value",6,13],[{"frame":0.7777777777777778},"value",6,14],[{"frame":0.8333333333333334},"value",6,15],[{"frame":0.8888888888888888},"value",6,16],[{"frame":0.9444444444444444},"value",6,17],[{"frame":1},"value",6,18],[{"frame":1.0555555555555556},"value",6,19],[{"frame":1.1111111111111112},"value",6,20],[{"frame":1.1666666666666667},"value",6,21],[{"frame":1.2222222222222223},"value",6,22],[{"frame":1.2777777777777777},"value",6,23],[{"frame":1.3333333333333333},"value",6,24],[{"frame":1.3888888888888888},"value",6,25],[{"frame":1.4444444444444444},"value",6,26],[{"frame":1.5},"value",6,27],[{"frame":1.5555555555555556},"value",6,28],[{"frame":1.6111111111111112},"value",6,29],[{"frame":1.6666666666666667},"value",6,30],[{"frame":1.7222222222222223},"value",6,31]],11,11,11,11,11,11,11,11,11,11,11,11,11,11,11,11,11,11,11,11,11,11,11,11,11,11,11,11,11,11,11,11]]]]]],0,0,[0,0,0,0,0,0,0,0,0,0,0,0,0,0,0,0,0,0,0,0,0,0,0,0,0,0,0,0,0,0,0,0],[1,1,1,1,1,1,1,1,1,1,1,1,1,1,1,1,1,1,1,1,1,1,1,1,1,1,1,1,1,1,1,1],[23,24,25,26,27,28,29,30,31,32,33,34,35,36,37,38,39,3,40,41,42,43,44,45,46,47,48,49,50,51,52,53]],[[{"name":"fspin_vfx_c_screen_12","rect":[241,365,118,362],"offset":[0,0],"originalSize":[140,368],"capInsets":[0,0,0,0]}],[0],0,[0],[0],[0]],[[{"name":"fspin_vfx_c_screen_09","rect":[241,1,118,362],"offset":[0,0],"originalSize":[140,368],"capInsets":[0,0,0,0]}],[0],0,[0],[0],[0]],[[{"name":"fspin_vfx_c_screen_03","rect":[1,1,118,362],"offset":[0,0],"originalSize":[140,368],"capInsets":[0,0,0,0]}],[0],0,[0],[0],[0]],[[{"name":"fspin_vfx_c_screen_24","rect":[475,365,112,362],"offset":[-1,0],"originalSize":[140,368],"capInsets":[0,0,0,0]}],[0],0,[0],[0],[0]],[[{"name":"fspin_vfx_b_screen_07","rect":[1,1,325,462],"offset":[0,1],"originalSize":[325,500],"capInsets":[0,0,0,0]}],[0],0,[0],[0],[1]],[[{"name":"fspin_vfx_c_screen_04","rect":[1,365,118,362],"offset":[0,0],"originalSize":[140,368],"capInsets":[0,0,0,0]}],[0],0,[0],[0],[0]],[[{"name":"fspin_vfx_c_screen_31","rect":[809,1093,110,362],"offset":[-3,0],"originalSize":[140,368],"capInsets":[0,0,0,0]}],[0],0,[0],[0],[0]],[[{"name":"fspin_vfx_b_screen_04","rect":[324,929,325,286],"offset":[0,-87],"originalSize":[325,500],"capInsets":[0,0,0,0]}],[0],0,[0],[0],[1]],[[{"name":"fspin_vfx_c_screen_20","rect":[697,729,110,362],"offset":[0,0],"originalSize":[140,368],"capInsets":[0,0,0,0]}],[0],0,[0],[0],[0]],[[{"name":"fspin_vfx_c_screen_01","rect":[585,1093,110,362],"offset":[-3,0],"originalSize":[140,368],"capInsets":[0,0,0,0]}],[0],0,[0],[0],[0]],[[{"name":"fspin_vfx_c_screen_21","rect":[697,1093,110,362],"offset":[0,0],"originalSize":[140,368],"capInsets":[0,0,0,0]}],[0],0,[0],[0],[0]],[[{"name":"fspin_vfx_c_screen_27","rect":[471,1093,112,362],"offset":[-1,0],"originalSize":[140,368],"capInsets":[0,0,0,0]}],[0],0,[0],[0],[0]],[[{"name":"fspin_vfx_b_screen_14","rect":[316,1393,315,390],"offset":[1,37],"originalSize":[325,500],"capInsets":[0,0,0,0]}],[0],0,[0],[0],[1]],[[{"name":"fspin_vfx_c_screen_07","rect":[1,1093,118,362],"offset":[0,0],"originalSize":[140,368],"capInsets":[0,0,0,0]}],[0],0,[0],[0],[0]],[[{"name":"fspin_vfx_b_screen_05","rect":[651,865,325,330],"offset":[0,-65],"originalSize":[325,500],"capInsets":[0,0,0,0]}],[0],0,[0],[0],[1]],[[[8,"fast_spin_controller"],[9,"fast_spin_controller",false,[-12,-13],[[13,-11,-10,-9,-8,-7,-6,-5,-4,-3,-2]],[0,"75eQr8hThDMqcolY5/QLMu",-1]],[5,"effect_holder",1,[-14,-15,-16,-17,-18,-19],[0,"e4o+Z0U/BGgpB3s/enALlE",1]],[5,"mask_holder",1,[-20,-21],[0,"d9VXVivApH26cCEiPH/2GR",1]],[10,"fspin_vfx_a_screen",2,[[1,1,769,2,false,-22,0]],[0,"39sc1wgjFF+aX1eOa8cI1y",1],[5,200,530],[0,0,0,0,0,0,1,2,2,1]],[2,"fspin_vfx_b_screen",2,[[[1,1,769,2,false,-23,1],-24],4,1],[0,"19zGOatNVA9rbtDWsY2wUZ",1],[5,325,500],[0,-10,0,0,0,0,1,1.95,1.95,1]],[2,"fspin_vfx_c_screen_left",2,[[[1,1,769,2,false,-25,3],-26],4,1],[0,"d1wpgmGxhGZ7Ts77EXDugH",1],[5,140,368],[-130,0,0,0,0,0,1,1.4286,2.5,1]],[2,"fspin_vfx_c_screen_right",2,[[[1,1,769,2,false,-27,5],-28],4,1],[0,"66uPsc7dZI3ouETLPsqwkf",1],[5,140,368],[130,0,0,0,0,0,1,-1.4286,2.5,1]],[6,"wh_vfx_c_screen_left",2,[[1,1,769,2,false,-29,7]],[0,"82ritPdAxFzK0QbfeqyvAD",1],[5,75,75],[-220,0,0,0,0,0,1,16.5,3.3,1],[1,0,0,90]],[6,"wh_vfx_c_screen_right",2,[[1,1,769,2,false,-30,8]],[0,"7fL1UhZcVBkLVzRHoov5m9",1],[5,75,75],[215,0,0,0,0,0,1,16.5,3.3,1],[1,0,0,-90]],[11,"left_mask",150,3,[-31],[0,"e5RBV9fFlIj7saNAKEPOtz",1],[4,4278190080],[5,1080,900]],[7,3,0,1,10],[12,"right_mask",150,3,[-32],[0,"efgVEuiEJLSIsyhvGbRJle",1],[4,4278190080],[5,1080,900],[0,0,0,0,0,0,1,-1,1,1]],[7,3,0,1,12],[3,5,[2]],[3,6,[4]],[3,7,[6]]],0,[0,5,1,0,6,9,0,7,8,0,8,16,0,9,15,0,10,14,0,11,4,0,12,2,0,13,13,0,14,11,0,3,1,0,-1,3,0,-2,2,0,-1,4,0,-2,5,0,-3,6,0,-4,7,0,-5,8,0,-6,9,0,-1,10,0,-2,12,0,3,4,0,3,5,0,-2,14,0,3,6,0,-2,15,0,3,7,0,-2,16,0,3,8,0,3,9,0,-1,11,0,-1,13,0,15,1,32],[0,0,0,0,0,0,0,0,0,11,13,14,15,16],[2,2,-1,2,-1,2,-1,2,2,2,2,4,4,4],[54,4,5,3,2,3,2,6,6,7,7,5,2,2]],[[{"name":"fspin_vfx_c_screen_11","rect":[121,1093,118,362],"offset":[0,0],"originalSize":[140,368],"capInsets":[0,0,0,0]}],[0],0,[0],[0],[0]],[[{"name":"fspin_vfx_b_screen_10","rect":[655,1,321,462],"offset":[2,1],"originalSize":[325,500],"capInsets":[0,0,0,0]}],[0],0,[0],[0],[1]],[[{"name":"fspin_vfx_a_screen","rect":[1,745,200,530],"offset":[0,0],"originalSize":[200,530],"capInsets":[0,0,0,0]}],[0],0,[0],[0],[55]],[[{"name":"fspin_vfx_c_screen_19","rect":[357,1093,112,362],"offset":[-1,0],"originalSize":[140,368],"capInsets":[0,0,0,0]}],[0],0,[0],[0],[0]],[[{"name":"fspin_vfx_b_screen_06","rect":[651,465,325,398],"offset":[0,-31],"originalSize":[325,500],"capInsets":[0,0,0,0]}],[0],0,[0],[0],[1]],[[{"name":"fspin_vfx_c_screen_08","rect":[121,365,118,362],"offset":[0,0],"originalSize":[140,368],"capInsets":[0,0,0,0]}],[0],0,[0],[0],[0]],[[{"name":"fspin_vfx_c_screen_13","rect":[361,1,118,362],"offset":[0,0],"originalSize":[140,368],"capInsets":[0,0,0,0]}],[0],0,[0],[0],[0]],[[{"name":"fspin_vfx_c_screen_28","rect":[589,365,112,362],"offset":[-1,0],"originalSize":[140,368],"capInsets":[0,0,0,0]}],[0],0,[0],[0],[0]],[[{"name":"fspin_vfx_b_screen_09","rect":[328,1,325,462],"offset":[0,1],"originalSize":[325,500],"capInsets":[0,0,0,0]}],[0],0,[0],[0],[1]],[[{"name":"fspin_vfx_c_screen_29","rect":[241,1093,114,362],"offset":[-2,0],"originalSize":[140,368],"capInsets":[0,0,0,0]}],[0],0,[0],[0],[0]],[[{"name":"fspin_vfx_c_screen_06","rect":[1,729,118,362],"offset":[0,0],"originalSize":[140,368],"capInsets":[0,0,0,0]}],[0],0,[0],[0],[0]],[[{"name":"fspin_vfx_b_screen_12","rect":[328,465,321,460],"offset":[1,1],"originalSize":[325,500],"capInsets":[0,0,0,0]}],[0],0,[0],[0],[1]],[[{"name":"fspin_vfx_c_screen_25","rect":[595,1,112,362],"offset":[-1,0],"originalSize":[140,368],"capInsets":[0,0,0,0]}],[0],0,[0],[0],[0]],[[{"name":"fspin_vfx_b_screen_02","rect":[324,1217,325,170],"offset":[0,-145],"originalSize":[325,500],"capInsets":[0,0,0,0]}],[0],0,[0],[0],[1]],[[{"name":"fspin_vfx_c_screen_15","rect":[481,1,112,362],"offset":[-4,0],"originalSize":[140,368],"capInsets":[0,0,0,0]}],[0],0,[0],[0],[0]],[[{"name":"fspin_vfx_b_screen_03","rect":[651,1197,325,244],"offset":[0,-108],"originalSize":[325,500],"capInsets":[0,0,0,0]}],[0],0,[0],[0],[1]],[[{"name":"fspin_vfx_b_screen_01","rect":[633,1761,323,114],"offset":[1,-173],"originalSize":[325,500],"capInsets":[0,0,0,0]}],[0],0,[0],[0],[1]],[[{"name":"fspin_vfx_b_screen_08","rect":[1,465,325,462],"offset":[0,1],"originalSize":[325,500],"capInsets":[0,0,0,0]}],[0],0,[0],[0],[1]]]]