[1,["98EZ8JQ3FGlrTVATeL8GaO","96D/HA5SpNlYCggSI8pCL+","68v36F+n5DHZ3u5WzCXY8P","beuIBKUMRMIYQPaKWpxiWB","14Cz0NL1dHfosX7tCbpokn","69zCE9MTlCJJeI6GhlFLgf","fbHklRc0tNE4suQZNrfDQe","d4JCgwQ+9I3LT093JT9p3f","2bGONlfOxEkLL+6Lchlafc","53gaY9zMpOJoek6sZVCHYn","97c+YqsDlAAogdau6vR1om","31YUwp7yFPc7MBKdhwvX/m","e5CuXtMmlAhYuhg7EYMZa7","e5gF7nT5VD4KLHarhb/oPj","d54jTCe3hPebPGO5hZYO7q","1dd74mPBFFZag9bMiSd/Af","370QC+JK9G+rhJ2XwDPyLX","10CTXn1MVKm7wU3RIlYuGU","58/n1bfZ1EtbH+cAe3C50O","d2nfuTZEtAkZZKQqDmFMTQ","042dIn0+xJJop6IrVAXHW8","90IoBg39ZI8JlkqrOmMPHd","44aHoqXD5GuaknKUWFrEsH","4fVOx7ochD9aSrr/iY5VAr","8aqtVkgD5HSqny0nt896uI","663mG7KSBE+5mWG+icEUrB","6betWo3SFNkosKLQ+EPCRw","503yjDLLZBr4Y/+R3Gcd4D","b8BuWK+85DG5phaVRZeu63","0eYymGJ2xEMbi2Md/owLAT","a9ZNhRhzRLM7he6CeYvh4q","37p1gjd91POoeaAK/TvjtQ","d3EjTb6JNFcbVbyAPK/NFh","c9pJWxSLRGlZ1JFo+0jdit","efvbk3qDBP6K/pF1Xya1bN","5fZ2L/EHJP1oAfKBfx6vJy","edFxOX4TpAZb00N+AuZblS","eeKpe3C8lLAIKkr+hGYJAN","97QzZYzjNDF4ndIMyq7JPL","1aKwDIzPVJFoPZ9Y12XXtG","7f1gW5+q1DiooOcqlnVG/t","f56AUTWrJMsYH+XswFpqg7","63TcvOic1IDKhxj95DU4Ex","d2rR+vyRZJAKlvuLCjgicC","b5c8nOdP1FK7ncxVOtBxta","0eOk1O/BlFfZsIT9fY6UKY","fepxpTwMhKOZgeVtLuN7sL","91KRL5IDVBIabzbhvXzLAA"],["_textureSetter","value","node","_spriteFrame","_defaultClip","root","blueCoinParticleNode","data","particlePrefab"],["cc.SpriteFrame",["cc.Node",["_name","_active","_prefab","_children","_components","_parent","_trs","_contentSize"],1,4,2,9,1,7,5],["cc.AnimationClip",["_name","_duration","sample","wrapMode","curveData"],-1,11],["cc.Prefab",["_name"],2],["cc.Node",["_name","_parent","_components","_prefab","_color","_contentSize","_trs"],2,1,12,4,5,5,7],["c5f2aE7JEZG6KIJWVXooyVE",["node","slowDropAnim","blueCoinParticleNode"],3,1,2,1],["cc.PrefabInfo",["fileId","root"],2,1],["cc.Sprite",["_srcBlendFactor","_dstBlendFactor","_sizeMode","_isTrimmedMode","node","_spriteFrame"],-1,1,6],["171dfS6R2hLj6Mr49w2ZPu6",["life","lifeVar","particleCount","speed","speedVar","angle","angleVar","startScale","endScale","startSpinVar","endSpinVar","_currentClip","clipName","node","endColor","sourcePosVar","particlePrefab"],-10,1,5,5,6],["cc.Animation",["node","_clips"],3,1,3]],[[6,0,1,2],[4,0,1,2,3,4,5,6,2],[7,0,1,2,3,4,5,5],[9,0,1,1],[2,0,1,2,3,4,5],[3,0,2],[1,0,1,3,4,2,3],[1,0,5,3,2,6,2],[1,0,5,4,2,7,6,2],[5,0,1,2,1],[8,0,1,2,3,4,5,6,7,8,9,10,11,12,13,14,15,16,14]],[[[{"name":"oms_vfx_d_screen_18","rect":[329,1361,162,234],"offset":[0,2],"originalSize":[162,270],"capInsets":[0,0,0,0]}],[0],0,[0],[0],[0]],[[{"name":"oms_vfx_d_screen_43","rect":[329,1089,162,270],"offset":[0,0],"originalSize":[162,270],"capInsets":[0,0,0,0]}],[0],0,[0],[0],[0]],[[{"name":"oms_vfx_d_screen_27","rect":[493,1,162,270],"offset":[0,0],"originalSize":[162,270],"capInsets":[0,0,0,0]}],[0],0,[0],[0],[0]],[[{"name":"oms_vfx_d_screen_15","rect":[657,1057,162,230],"offset":[0,18],"originalSize":[162,270],"capInsets":[0,0,0,0]}],[0],0,[0],[0],[0]],[[{"name":"oms_vfx_d_screen_02","rect":[165,1,162,270],"offset":[0,0],"originalSize":[162,270],"capInsets":[0,0,0,0]}],[0],0,[0],[0],[0]],[[{"name":"oms_vfx_d_screen_37","rect":[329,817,162,270],"offset":[0,0],"originalSize":[162,270],"capInsets":[0,0,0,0]}],[0],0,[0],[0],[0]],[[{"name":"oms_vfx_d_screen_13","rect":[657,1521,162,218],"offset":[0,26],"originalSize":[162,270],"capInsets":[0,0,0,0]}],[0],0,[0],[0],[0]],[[{"name":"oms_vfx_d_screen_06","rect":[1,817,162,270],"offset":[0,0],"originalSize":[162,270],"capInsets":[0,0,0,0]}],[0],0,[0],[0],[0]],[[{"name":"oms_vfx_d_screen_09","rect":[821,799,162,250],"offset":[0,10],"originalSize":[162,270],"capInsets":[0,0,0,0]}],[0],0,[0],[0],[0]],[[{"name":"oms_vfx_d_screen_29","rect":[165,817,162,270],"offset":[0,0],"originalSize":[162,270],"capInsets":[0,0,0,0]}],[0],0,[0],[0],[0]],[[{"name":"oms_vfx_d_screen_14","rect":[821,1289,162,226],"offset":[0,22],"originalSize":[162,270],"capInsets":[0,0,0,0]}],[0],0,[0],[0],[0]],[[{"name":"oms_vfx_d_screen_20","rect":[657,815,162,240],"offset":[0,-13],"originalSize":[162,270],"capInsets":[0,0,0,0]}],[0],0,[0],[0],[0]],[[{"name":"oms_vfx_d_screen_21","rect":[493,1089,162,236],"offset":[0,-17],"originalSize":[162,270],"capInsets":[0,0,0,0]}],[0],0,[0],[0],[0]],[[{"name":"oms_vfx_d_screen_25","rect":[493,1561,162,212],"offset":[0,-29],"originalSize":[162,270],"capInsets":[0,0,0,0]}],[0],0,[0],[0],[0]],[[{"name":"oms_vfx_d_screen_07","rect":[165,545,162,270],"offset":[0,0],"originalSize":[162,270],"capInsets":[0,0,0,0]}],[0],0,[0],[0],[0]],[[{"name":"oms_vfx_d_screen_16","rect":[493,1327,162,232],"offset":[0,14],"originalSize":[162,270],"capInsets":[0,0,0,0]}],[0],0,[0],[0],[0]],[[{"name":"oms_vfx_d_screen_33","rect":[657,545,162,268],"offset":[0,1],"originalSize":[162,270],"capInsets":[0,0,0,0]}],[0],0,[0],[0],[0]],[[{"name":"oms_vfx_d_screen_40","rect":[821,273,162,270],"offset":[0,0],"originalSize":[162,270],"capInsets":[0,0,0,0]}],[0],0,[0],[0],[0]],[[{"name":"oms_vfx_d_screen_23","rect":[821,1517,162,224],"offset":[0,-23],"originalSize":[162,270],"capInsets":[0,0,0,0]}],[0],0,[0],[0],[0]],[[{"name":"oms_vfx_d_screen_00","rect":[1,1,162,270],"offset":[0,0],"originalSize":[162,270],"capInsets":[0,0,0,0]}],[0],0,[0],[0],[0]],[[{"name":"oms_vfx_d_screen_03","rect":[1,545,162,270],"offset":[0,0],"originalSize":[162,270],"capInsets":[0,0,0,0]}],[0],0,[0],[0],[0]],[[{"name":"oms_vfx_d_screen_24","rect":[329,1597,162,218],"offset":[0,-26],"originalSize":[162,270],"capInsets":[0,0,0,0]}],[0],0,[0],[0],[0]],[[{"name":"oms_vfx_d_screen_38","rect":[493,545,162,270],"offset":[0,0],"originalSize":[162,270],"capInsets":[0,0,0,0]}],[0],0,[0],[0],[0]],[[{"name":"oms_vfx_d_screen_22","rect":[657,1289,162,230],"offset":[0,-20],"originalSize":[162,270],"capInsets":[0,0,0,0]}],[0],0,[0],[0],[0]],[[{"name":"oms_vfx_d_screen_19","rect":[821,1051,162,236],"offset":[0,-6],"originalSize":[162,270],"capInsets":[0,0,0,0]}],[0],0,[0],[0],[0]],[[[4,"oms_vfx_d",2.8125,16,"2",[{},"comps",11,[{},"cc.Sprite",11,[{},"spriteFrame",12,[[[{"frame":0},"value",6,0],[{"frame":0.0625},"value",6,1],[{"frame":0.125},"value",6,2],[{"frame":0.1875},"value",6,3],[{"frame":0.25},"value",6,4],[{"frame":0.3125},"value",6,5],[{"frame":0.375},"value",6,6],[{"frame":0.4375},"value",6,7],[{"frame":0.5},"value",6,8],[{"frame":0.5625},"value",6,9],[{"frame":0.625},"value",6,10],[{"frame":0.6875},"value",6,11],[{"frame":0.75},"value",6,12],[{"frame":0.8125},"value",6,13],[{"frame":0.875},"value",6,14],[{"frame":0.9375},"value",6,15],[{"frame":1},"value",6,16],[{"frame":1.0625},"value",6,17],[{"frame":1.125},"value",6,18],[{"frame":1.1875},"value",6,19],[{"frame":1.25},"value",6,20],[{"frame":1.3125},"value",6,21],[{"frame":1.375},"value",6,22],[{"frame":1.4375},"value",6,23],[{"frame":1.5},"value",6,24],[{"frame":1.5625},"value",6,25],[{"frame":1.625},"value",6,26],[{"frame":1.6875},"value",6,27],[{"frame":1.75},"value",6,28],[{"frame":1.8125},"value",6,29],[{"frame":1.875},"value",6,30],[{"frame":1.9375},"value",6,31],[{"frame":2},"value",6,32],[{"frame":2.0625},"value",6,33],[{"frame":2.125},"value",6,34],[{"frame":2.1875},"value",6,35],[{"frame":2.25},"value",6,36],[{"frame":2.3125},"value",6,37],[{"frame":2.375},"value",6,38],[{"frame":2.4375},"value",6,39],[{"frame":2.5},"value",6,40],[{"frame":2.5625},"value",6,41],[{"frame":2.625},"value",6,42],[{"frame":2.6875},"value",6,43],[{"frame":2.75},"value",6,44]],11,11,11,11,11,11,11,11,11,11,11,11,11,11,11,11,11,11,11,11,11,11,11,11,11,11,11,11,11,11,11,11,11,11,11,11,11,11,11,11,11,11,11,11,11]]]]]],0,0,[0,0,0,0,0,0,0,0,0,0,0,0,0,0,0,0,0,0,0,0,0,0,0,0,0,0,0,0,0,0,0,0,0,0,0,0,0,0,0,0,0,0,0,0,0],[1,1,1,1,1,1,1,1,1,1,1,1,1,1,1,1,1,1,1,1,1,1,1,1,1,1,1,1,1,1,1,1,1,1,1,1,1,1,1,1,1,1,1,1,1],[2,3,4,5,6,7,8,9,10,11,12,13,14,15,16,17,18,19,20,21,22,23,24,25,26,27,28,29,30,31,32,33,34,35,36,37,38,39,40,41,42,43,44,45,46]],[[{"name":"oms_vfx_d_screen_36","rect":[165,1089,162,270],"offset":[0,0],"originalSize":[162,270],"capInsets":[0,0,0,0]}],[0],0,[0],[0],[0]],[[{"name":"oms_vfx_d_screen_08","rect":[821,545,162,252],"offset":[0,9],"originalSize":[162,270],"capInsets":[0,0,0,0]}],[0],0,[0],[0],[0]],[[{"name":"oms_vfx_d_screen_28","rect":[1,1089,162,270],"offset":[0,0],"originalSize":[162,270],"capInsets":[0,0,0,0]}],[0],0,[0],[0],[0]],[[[5,"slow_drop_effect_controller"],[6,"slow_drop_effect_controller",false,[-6],[[9,-5,[-3,-4],-2]],[0,"e05jprpLNHY7MyZMe2ZlXK",-1]],[7,"effect_holder",1,[-7,-8,-9],[0,"2fZmUmxPZIbYRz64V1r+av",1],[0,0,0,0,0,0,1,2.4,2.4,1]],[1,"oms_vfx_d_screen",2,[[[2,1,769,2,false,-10,0],-11],4,1],[0,"19n5zBzTlKRYgrFO3gHtLr",1],[4,4278190080],[5,162,270],[-115,-64,0,0,0,0,1,1.43,1.43,1]],[1,"oms_vfx_d_screen_flip",2,[[[2,1,769,2,false,-12,2],-13],4,1],[0,"c8e5vD3B5IPaDphttylewr",1],[4,4278190080],[5,162,270],[115,-64,0,0,0,0,1,-1.43,1.43,1]],[8,"blue_coin_particle",2,[[10,2.5,0.5,100,100,50,-90,10,0.05,0.05,90,90,"String",["blue_coin"],-14,[4,4278190080],[0,200,50],4]],[0,"65OgBLt5BM6IRRbSo1Q3//",1],[5,325,0],[0,80,0,0,0,0,1,1,1,1]],[3,3,[1]],[3,4,[3]]],0,[0,5,1,0,6,5,0,-1,6,0,-2,7,0,2,1,0,-1,2,0,-1,3,0,-2,4,0,-3,5,0,2,3,0,-2,6,0,2,4,0,-2,7,0,2,5,0,7,1,14],[0,0,0,0,0,6,7],[3,-1,3,-1,8,4,4],[2,1,2,1,47,1,1]],[[{"name":"oms_vfx_d_screen_42","rect":[165,1361,162,270],"offset":[0,0],"originalSize":[162,270],"capInsets":[0,0,0,0]}],[0],0,[0],[0],[0]],[[{"name":"oms_vfx_d_screen_26","rect":[329,273,162,270],"offset":[0,0],"originalSize":[162,270],"capInsets":[0,0,0,0]}],[0],0,[0],[0],[0]],[[{"name":"oms_vfx_d_screen_01","rect":[1,273,162,270],"offset":[0,0],"originalSize":[162,270],"capInsets":[0,0,0,0]}],[0],0,[0],[0],[0]],[[{"name":"oms_vfx_d_screen_31","rect":[493,273,162,270],"offset":[0,0],"originalSize":[162,270],"capInsets":[0,0,0,0]}],[0],0,[0],[0],[0]],[[{"name":"oms_vfx_d_screen_17","rect":[165,1633,162,234],"offset":[0,7],"originalSize":[162,270],"capInsets":[0,0,0,0]}],[0],0,[0],[0],[0]],[[{"name":"oms_vfx_d_screen_41","rect":[1,1633,162,270],"offset":[0,0],"originalSize":[162,270],"capInsets":[0,0,0,0]}],[0],0,[0],[0],[0]],[[{"name":"oms_vfx_d_screen_30","rect":[329,545,162,270],"offset":[0,0],"originalSize":[162,270],"capInsets":[0,0,0,0]}],[0],0,[0],[0],[0]],[[{"name":"oms_vfx_d_screen_05","rect":[329,1,162,270],"offset":[0,0],"originalSize":[162,270],"capInsets":[0,0,0,0]}],[0],0,[0],[0],[0]],[[{"name":"oms_vfx_d_screen_12","rect":[657,1741,162,210],"offset":[0,30],"originalSize":[162,270],"capInsets":[0,0,0,0]}],[0],0,[0],[0],[0]],[[{"name":"oms_vfx_d_screen_10","rect":[493,1775,162,200],"offset":[0,35],"originalSize":[162,270],"capInsets":[0,0,0,0]}],[0],0,[0],[0],[0]],[[{"name":"oms_vfx_d_screen_11","rect":[821,1743,162,206],"offset":[0,32],"originalSize":[162,270],"capInsets":[0,0,0,0]}],[0],0,[0],[0],[0]],[[{"name":"oms_vfx_d_screen_34","rect":[821,1,162,270],"offset":[0,0],"originalSize":[162,270],"capInsets":[0,0,0,0]}],[0],0,[0],[0],[0]],[[{"name":"oms_vfx_d_screen_35","rect":[1,1361,162,270],"offset":[0,0],"originalSize":[162,270],"capInsets":[0,0,0,0]}],[0],0,[0],[0],[0]],[[{"name":"oms_vfx_d_screen_32","rect":[657,1,162,270],"offset":[0,0],"originalSize":[162,270],"capInsets":[0,0,0,0]}],[0],0,[0],[0],[0]],[[{"name":"oms_vfx_d_screen_39","rect":[657,273,162,270],"offset":[0,0],"originalSize":[162,270],"capInsets":[0,0,0,0]}],[0],0,[0],[0],[0]],[[{"name":"oms_vfx_d_screen_04","rect":[165,273,162,270],"offset":[0,0],"originalSize":[162,270],"capInsets":[0,0,0,0]}],[0],0,[0],[0],[0]],[[{"name":"oms_vfx_d_screen_44","rect":[493,817,162,270],"offset":[0,0],"originalSize":[162,270],"capInsets":[0,0,0,0]}],[0],0,[0],[0],[0]]]]