[1,["0e1LjeAwxIzpspybNgSbns","9fRIOwvXlNJKn5W5ysitio","65+xCy6BlFQ7forCcD42T+","b8UCKBOc5LerWWwIgkvGBR","d8EmtwIJRE5LKwimCpm1dG","e6ur93O+pMFaaN+3XNwCFA","1d+U8tcnZLXITfSxTHVGpg","25WL7tp0RC8pHAEU5fVmUC","10DxALZ2RG4pygGDLWQHl5","14Gl/D+jdDvopd/0TMrZgz","e2LGzMIlpJ87xQ/wmz72kt","685vBjuQ1Lkbuhk7X/pKyY","591xN2+PBEXoUT63/rHwZY"],["value","_textureSetter"],["cc.SpriteFrame",["cc.AnimationClip",["_name","_duration","sample","wrapMode","curveData"],-1,11]],[[1,0,1,2,3,4,5]],[[[{"name":"bw_vfx_h_screen_01_07","rect":[179,1,420,176],"offset":[-3,12],"originalSize":[432,200],"rotated":1,"capInsets":[0,0,0,0]}],[0],0,[0],[1],[0]],[[{"name":"bw_vfx_h_screen_01_08","rect":[529,1,418,98],"offset":[-3,48],"originalSize":[432,200],"rotated":1,"capInsets":[0,0,0,0]}],[0],0,[0],[1],[0]],[[{"name":"bw_vfx_h_screen_01_05","rect":[1,1,420,176],"offset":[-3,12],"originalSize":[432,200],"rotated":1,"capInsets":[0,0,0,0]}],[0],0,[0],[1],[0]],[[[0,"bw_vfx_h_1",1,12,"2",[{},"comps",11,[{},"cc.Sprite",11,[{},"spriteFrame",12,[[[{"frame":0},"value",6,0],[{"frame":0.08333333333333333},"value",6,1],[{"frame":0.16666666666666666},"value",6,2],[{"frame":0.25},"value",6,3],[{"frame":0.3333333333333333},"value",6,4],[{"frame":0.4166666666666667},"value",6,5],[{"frame":0.5},"value",6,6],[{"frame":0.5833333333333334},"value",6,7],[{"frame":0.6666666666666666},"value",6,8],[{"frame":0.75},"value",6,9],[{"frame":0.8333333333333334},"value",6,10],[{"frame":0.9166666666666666},"value",6,11]],11,11,11,11,11,11,11,11,11,11,11,11]]]]]],0,0,[0,0,0,0,0,0,0,0,0,0,0,0],[0,0,0,0,0,0,0,0,0,0,0,0],[1,2,3,4,5,6,7,8,9,10,11,12]],[[{"name":"bw_vfx_h_screen_01_06","rect":[1,423,420,176],"offset":[-3,12],"originalSize":[432,200],"capInsets":[0,0,0,0]}],[0],0,[0],[1],[0]],[[{"name":"bw_vfx_h_screen_01_11","rect":[757,1,402,130],"offset":[6,35],"originalSize":[432,200],"rotated":1,"capInsets":[0,0,0,0]}],[0],0,[0],[1],[0]],[[{"name":"bw_vfx_h_screen_01_01","rect":[347,601,344,134],"offset":[-17,33],"originalSize":[432,200],"capInsets":[0,0,0,0]}],[0],0,[0],[1],[0]],[[{"name":"bw_vfx_h_screen_01_10","rect":[629,1,408,126],"offset":[4,37],"originalSize":[432,200],"rotated":1,"capInsets":[0,0,0,0]}],[0],0,[0],[1],[0]],[[{"name":"bw_vfx_h_screen_01_02","rect":[1,601,344,140],"offset":[-17,24],"originalSize":[432,200],"capInsets":[0,0,0,0]}],[0],0,[0],[1],[0]],[[{"name":"bw_vfx_h_screen_01_03","rect":[423,421,368,154],"offset":[-29,19],"originalSize":[432,200],"capInsets":[0,0,0,0]}],[0],0,[0],[1],[0]],[[{"name":"bw_vfx_h_screen_01_09","rect":[889,1,400,102],"offset":[-7,38],"originalSize":[432,200],"rotated":1,"capInsets":[0,0,0,0]}],[0],0,[0],[1],[0]],[[{"name":"bw_vfx_h_screen_01_04","rect":[357,1,418,170],"offset":[-4,15],"originalSize":[432,200],"rotated":1,"capInsets":[0,0,0,0]}],[0],0,[0],[1],[0]]]]