[1,["1aY5XimF9LorKnFxwWPyfn","9cJ8TtPM5JNpgBx3CRCmBj","7bZZ0g6bxIjr1XKoNmJzuc","3dKM/76qhMEItIV2ARrfrF","9aiZAtTxxK5qIYDJchnYHE","43cESWfp1FAIzu3avJh4gI","14LevC23ZHZIB166H2Gl1+","25ax8AeN1L4KuflS78QgGX","5abQNakJNLT4xgJiiL7rcL","cbZv4krjBHuocgHnBDoOUD","803sGah9lNsYlGS1WsW69C","c8hdDqCF9GJr1CvjFtvaVO","b1C2cyOn9F2LvgQj1hAVwI","6c0FnM7nZCD4hs/RaUKroS","a2MjXRFdtLlYQ5ouAFv/+R","79R88HJARMMIsSXU6Fm/z1","e6UJd0evdDAJzRbd95yq++","12gvjI535LW5uRuW4HwekA","32MNlm/aJIBIA2Emh3EAs6","aeyx/zDMJBebQYIef8aBm5","62rkhp/8pM94CApF58/FOz","1eAr2ch9dJhKmplCSP4dVV","820AMD/BJCyanWVCgWbxAp","ec0jJ2W/BAs7r8StxEPa9o","7dTBbuYHlLfZep01SSIU9z","dcz/RAtCtCK4hdHBfX+1qX","ebmxmXsxFGpKxwH3Vv6PrC","68348UDrxIUY83AaQ8XHcR","56lSdIzP9A3a1uGcVhRAsm","839+zODtxLareZJEOXrbjP","10SEPGUgtBKanWWvopNrgp","faBXXMJsFPlImBvra7k4zD","3d6Pg4+fJPK5RpJyUqfxPJ","03w3avlHhHr5U4A9pOvnCS","5dLCvIZd5MBrx0j6qNdf9X","f1flj/qxJK5pueTdt4UDCm","cclTvR419PdoeI8Z+Jwdzi","cd41q7tLBDZYe/xNM/9u0y","dazcuTmXlD/6L14PTDmsvb","789gyyu9xGZZoZgmXtvHxk","abOmx/1lxHeais0AzavNn9","2egruC0tFD3oyJM4yXLMch","2fBsyuGuBNnJ2+XxFvzIhm","dfMRbaiSZGJ6QsH8L2Z/gP","02QvnSJhlFhKr0gW98rBPd","2b+vgTfiFDa6YP8dZ2sgVJ","04Inbq+yBLJ6hKEoiiOHRq","f4a2UAlvhC/ZgC5goCNz7N","01IYjwmqhPY4CWh3f0Y8Bl","7d8BCtGJRKp49tDCQZaPbd","eeRsFAteZC/buit0lU8utD","fbqNleez5CjrQtG4I7/rwy","d3euf5OKdKmr1JbSnlEV2q","f8T8eOUjFGp67qdpnPKd/v","9204Xud7BDeqDNTy+wv2Sy","8bnikNJn9LkYK+/0gYekAD","38Gg9BuZNAFq3XABr9kZfR"],["_textureSetter","node","_parent","_spriteFrame","numberContainer","root","data","popOutItem","popOutTint","wildDescriptionNode","scatterDescriptionNode","specialDescriptionHolder","payoutHolder","payoutValueHolder","frameSprite","blockSprite","slotHolder","symbolSpine","symbolHolder","symbolAndDescriptionLayout","backgroundSprite"],["cc.SpriteFrame",["cc.Node",["_name","_active","_opacity","_prefab","_contentSize","_components","_children","_trs","_parent","_color","_anchorPoint"],0,4,5,9,2,7,1,5,5],["cc.Node",["_name","_active","_parent","_components","_prefab","_contentSize","_anchorPoint","_children"],1,1,2,4,5,5,2],["cc.Sprite",["_sizeMode","_isTrimmedMode","node","_spriteFrame"],1,1,6],["cc.Layout",["_resize","_N$layoutType","_N$spacingY","_N$spacingX","node","_layoutSize"],-1,1,5],["cc.PrefabInfo",["fileId","root","asset"],2,1,1],["SpriteFrameArray",["spriteFrame"],3,3],["cc.Prefab",["_name"],2],["37a36d3335Hi7+EnHTi9acS",["node","popOutItem","popOutTint"],3,1,6,6],["58b31+llD1BAb9tUvY4+l2s",["node"],3,1],["13a8edRkjdKw4A4k69DFBk6",["node","backgroundSprite","symbolAndDescriptionLayout","symbolHolder","symbolSpine","slotHolder","blockSprite","frameSprite","payoutValueHolder","payoutHolder","specialDescriptionHolder","scatterDescriptionNode","wildDescriptionNode","payoutValueNodeList","payoutBackgroundSF","specialPayoutBackgroundSF","normalBlockSpriteFrames","silverFrameSpriteFrame","goldFrameSpriteFrame"],3,1,1,1,1,1,1,1,1,1,1,1,1,1,2,3,3,9,3,3],["cc.Label",["_string","_fontSize","_lineHeight","_N$horizontalAlign","_N$verticalAlign","_N$overflow","node"],-3,1],["05b6c8yPn1LZIH3AnSTBq8U",["followThemeColor","followFont","domainKey","fontFamilyKey","fontKey","_N$colorKey","node"],-3,1],["f5f30hTmFFOcLgg2elp0I0D",["_N$key","node"],2,1],["e13cc9FLShL66GevrFVSv5p",["maxContainerSize","enableComma","enableDecimal","kSprite","nodeNumberWidth","nodeNumberScale","commaWidth","commaScale","decimalWidth","decimalScale","decimalNumberWidth","decimalNumberY","decimalNumberScale","multiplySpriteWidth","multiplySpriteScale","blurScale","spriteColor","node","numberContainer","numberSprite"],-14,1,1,3],["sp.Skeleton",["loop","node"],2,1]],[[5,0,1,2],[1,0,8,5,3,4,7,2],[6,0,1],[3,0,1,2,3],[3,0,1,2,3,3],[14,0,1,2,3,4,5,6,7,8,9,10,11,12,13,14,15,16,17,18,19,18],[7,0,2],[1,0,6,5,3,4,7,2],[1,0,1,5,3,4,3],[2,0,1,2,3,4,5,3],[4,0,1,4,5,3],[11,0,1,2,3,4,5,6,7],[12,0,1,2,3,4,5,6,7],[13,0,1,2],[1,0,5,3,4,2],[1,0,2,5,3,9,4,3],[1,0,6,5,3,10,2],[1,0,6,3,4,7,2],[1,0,1,8,6,3,4,7,3],[1,0,1,8,5,3,4,3],[1,0,8,6,3,4,7,2],[2,0,2,7,3,4,5,6,2],[2,0,2,3,4,5,6,2],[2,0,1,2,3,4,3],[8,0,1,2,1],[5,0,1,2,2],[3,0,2,3,2],[9,0,1],[10,0,1,2,3,4,5,6,7,8,9,10,11,12,13,14,15,16,17,18,1],[6,1],[4,0,1,2,4,5,4],[4,0,1,3,4,5,4],[15,0,1,2]],[[[{"name":"l_block_b","rect":[1473,759,182,302],"offset":[0,0],"originalSize":[350,350],"capInsets":[0,0,0,0]}],[0],0,[0],[0],[0]],[[{"name":"h_card_block_b","rect":[921,759,182,302],"offset":[0,0],"originalSize":[350,350],"capInsets":[0,0,0,0]}],[0],0,[0],[0],[0]],[[{"name":"h_pickaxe_block_c","rect":[1291,1,182,452],"offset":[0,0],"originalSize":[350,736],"capInsets":[0,0,0,0]}],[0],0,[0],[0],[0]],[[{"name":"h_card_block_d","rect":[187,1,182,602],"offset":[0,0],"originalSize":[350,736],"capInsets":[0,0,0,0]}],[0],0,[0],[0],[0]],[[{"name":"h_safe_block_d","rect":[369,605,182,602],"offset":[0,0],"originalSize":[350,736],"capInsets":[0,0,0,0]}],[0],0,[0],[0],[0]],[[{"name":"payout_window_03","rect":[1420,741,466,577],"offset":[0,0],"originalSize":[466,577],"capInsets":[0,0,0,0]}],[0],0,[0],[0],[1]],[[{"name":"h_card_block_c","rect":[739,1,182,452],"offset":[0,0],"originalSize":[350,736],"capInsets":[0,0,0,0]}],[0],0,[0],[0],[0]],[[{"name":"h_phone_block_c","rect":[1107,1,182,452],"offset":[0,0],"originalSize":[350,736],"capInsets":[0,0,0,0]}],[0],0,[0],[0],[0]],[[{"name":"h_phone_block_d","rect":[371,1,182,602],"offset":[0,0],"originalSize":[350,736],"capInsets":[0,0,0,0]}],[0],0,[0],[0],[0]],[[{"name":"h_pickaxe_block_b","rect":[1289,759,182,302],"offset":[0,0],"originalSize":[350,350],"capInsets":[0,0,0,0]}],[0],0,[0],[0],[0]],[[[6,"symbol_pop_out_controller"],[14,"symbol_pop_out_controller",[[24,-2,0,1]],[0,"c4wg9tmaRM/rh21WIqs5pM",-1],[5,1060,804]]],0,[0,5,1,0,1,1,0,6,1,2],[0,0],[7,8],[12,13]],[[{"name":"h_safe_block_b","rect":[1475,455,182,302],"offset":[0,0],"originalSize":[350,350],"capInsets":[0,0,0,0]}],[0],0,[0],[0],[0]],[[{"name":"h_pickaxe_block_d","rect":[185,1209,182,602],"offset":[0,0],"originalSize":[350,736],"capInsets":[0,0,0,0]}],[0],0,[0],[0],[0]],[[{"name":"payout_window_02","rect":[687,859,466,433],"offset":[0,0],"originalSize":[466,433],"capInsets":[0,0,0,0]}],[0],0,[0],[0],[1]],[[{"name":"h_safe_block_a","rect":[466,1667,182,152],"offset":[0,0],"originalSize":[350,350],"capInsets":[0,0,0,0]}],[0],0,[0],[0],[0]],[[[6,"pop_out_tint"],[15,"pop_out_tint",180,[[26,0,-2,0],[27,-3]],[25,"dcxB6xlYtBU4crK9GsPLdt",-1,0],[4,4278190080],[5,1080,2340]]],0,[0,5,1,0,1,1,0,1,1,0,6,1,3],[0],[3],[14]],[[{"name":"h_phone_block_a","rect":[185,1813,182,152],"offset":[0,0],"originalSize":[350,350],"capInsets":[0,0,0,0]}],[0],0,[0],[0],[0]],[[{"name":"payout_window_06","rect":[1,1442,680,429],"offset":[0,0],"originalSize":[680,429],"capInsets":[0,0,0,0]}],[0],0,[0],[0],[1]],[[{"name":"l_block_c","rect":[737,605,182,452],"offset":[0,0],"originalSize":[350,736],"capInsets":[0,0,0,0]}],[0],0,[0],[0],[0]],[[{"name":"payout_window_04","rect":[1420,1,466,738],"offset":[0,0],"originalSize":[466,738],"capInsets":[0,0,0,0]}],[0],0,[0],[0],[1]],[[{"name":"h_safe_block_c","rect":[1475,1,182,452],"offset":[0,0],"originalSize":[350,736],"capInsets":[0,0,0,0]}],[0],0,[0],[0],[0]],[[{"name":"h_phone_block_b","rect":[1291,455,182,302],"offset":[0,0],"originalSize":[350,350],"capInsets":[0,0,0,0]}],[0],0,[0],[0],[0]],[[{"name":"payout_window_01","rect":[687,1294,466,288],"offset":[0,0],"originalSize":[466,288],"capInsets":[0,0,0,0]}],[0],0,[0],[0],[1]],[[[6,"symbol_pop_out_item"],[16,"symbol_pop_out_item",[-19,-20],[[28,-18,-17,-16,-15,-14,-13,-12,-11,-10,-9,-8,-7,-6,[-2,-3,-4,-5],[44,45,46,47],[48,49,50,51],[[29],[2,[52,53,54,55]],[2,[56,57,58,59]],[2,[60,61,62,63]],[2,[64,65,66,67]],[2,[68,69,70,71]],[2,[72,73,74,75]]],[76,77,78],[79,80,81]]],[0,"47VpuOj5xL4ZRkDd2CFdbU",-1],[0,0,0.5]],[17,"symbol_holder",[-21,-22,-23,-24],[0,"adEyCmJ+xLfaFoqqGCf+16",1],[5,216,216],[108,0,0,0,0,0,1,1,1,1]],[7,"counter",[-26,-27,-28,-29],[[10,1,2,-25,[5,40,189]]],[0,"82kzVhf3pF1YZiJT73ET94",1],[5,40,189],[-55,0,0,0,0,0,1,1,1,1]],[7,"counter copy",[-31,-32,-33,-34],[[30,1,2,7,-30,[5,80,181]]],[0,"f0W1OkwxZAa6Uqs41L0r1B",1],[5,80,181],[35,0,0,0,0,0,1,1,1,1]],[21,"symbol_desc_holder",1,[2,-36,-37],[-35],[0,"a2u9D1dOJFA6wWIkvQu7To",1],[5,366,200],[0,0,0.5]],[7,"payout_value",[3,4],[[31,1,1,30,-38,[5,150,262]]],[0,"8cczIneX1Bn7K8bFmOmA5A",1],[5,150,262],[15,0,0,0,0,0,1,1,1,1]],[8,"scatter_payout_desc",false,[[11,"4 Scatter symbols will trigger free spins.",36,48,1,1,3,-39],[12,true,true,"game","theme_font_family","theme_font_family","theme_symbol_pop_out",-40],[13,"CryptoGold.ScatterPayoutDesc",-41]],[0,"77oNMRQ+RBwrpORLnvoH0K",1],[5,380,96]],[8,"wild_payout_desc",false,[[13,"CryptoGold.WildPayoutDesc",-42],[12,true,true,"game","theme_font_family","theme_font_family","theme_symbol_pop_out",-43],[11," Wild symbol substitutes for all symbols.",36,48,1,1,3,-44]],[0,"d7h/mJVtJBl4ZjM6dqsMq4",1],[5,380,144]],[1,"number_display_6",4,[[5,500,false,false,null,40,0.7,0,0,0,0,0,0,0,0,0,0,"#FFFFFF",-46,-45,[4,5,6,7,8,9,10,11,12,13]]],[0,"e8xWyTfyNLFpULFZTEFYNU",1],[5,80,40],[-20,70.5,0,0,0,0,1,1,1,1]],[1,"number_display_5",4,[[5,500,false,false,null,40,0.7,0,0,0,0,0,0,0,0,0,0,"#FFFFFF",-48,-47,[14,15,16,17,18,19,20,21,22,23]]],[0,"b2zh4MEd5BU6wpaesYDQIY",1],[5,80,40],[-20,23.5,0,0,0,0,1,1,1,1]],[1,"number_display_4",4,[[5,500,false,false,null,40,0.7,0,0,0,0,0,0,0,0,0,0,"#FFFFFF",-50,-49,[24,25,26,27,28,29,30,31,32,33]]],[0,"ebhLUwIZBM6ZO2kcAL+NS4",1],[5,80,40],[-20,-23.5,0,0,0,0,1,1,1,1]],[1,"number_display_3",4,[[5,500,false,false,null,40,0.7,0,0,0,0,0,0,0,0,0,0,"#FFFFFF",-52,-51,[34,35,36,37,38,39,40,41,42,43]]],[0,"55cZKoITBE9b894iO63l/Z",1],[5,80,40],[-20,-70.5,0,0,0,0,1,1,1,1]],[18,"special_symbol_desc",false,5,[7,8],[0,"28L8JjcrxAb5Ca0ozzMMjZ",1],[5,400,216],[616,0,0,0,0,0,1,1,1,1]],[19,"slot_holder",false,2,[[3,2,false,-53]],[0,"30e/0Lf0VFirupnCTmrCpW",1],[5,175,175]],[20,"payout_values_holder",5,[6],[0,"61bxBX2YVKd6fB1gF6rYk8",1],[5,150,262],[291,0,0,0,0,0,1,1,1,1]],[22,"bg",1,[-54],[0,"5dVwTGjWtKP4SGMs3568el",1],[5,306,358],[0,0.06,0.5]],[3,2,false,16],[9,"block",false,2,[-55],[0,"7a2Qjs7yFCJri5k1x0AoU3",1],[5,40,40]],[3,2,false,18],[23,"symbol_spine",false,2,[-56],[0,"d5Tb/TfChBxoDcA+AYEG1g",1]],[32,false,20],[9,"frame",false,2,[-57],[0,"42NJ7uUI5JFrHnU/Uer8sh",1],[5,40,40]],[3,2,false,22],[1,"6",3,[[4,2,false,-58,0]],[0,"88k9VgQs1DE5jQuHtGjpoV",1],[5,48,47],[0,71,0,0,0,0,1,1,1,1]],[1,"5",3,[[4,2,false,-59,1]],[0,"7bbjkldeBIiahJj2vRerg9",1],[5,47,47],[0,24,0,0,0,0,1,1,1,1]],[1,"4",3,[[4,2,false,-60,2]],[0,"eaHJ0GqvlA2rvTsI6b09w2",1],[5,44,48],[0,-23.5,0,0,0,0,1,1,1,1]],[1,"3",3,[[4,2,false,-61,3]],[0,"c1KKrlJ/BFBqLOwPIrN9sN",1],[5,48,47],[0,-71,0,0,0,0,1,1,1,1]],[10,1,1,5,[5,366,200]]],0,[0,5,1,0,-1,9,0,-2,10,0,-3,11,0,-4,12,0,9,8,0,10,7,0,11,13,0,12,6,0,13,15,0,14,23,0,15,19,0,16,14,0,17,21,0,18,2,0,19,28,0,20,17,0,1,1,0,-1,16,0,-2,5,0,-1,14,0,-2,18,0,-3,20,0,-4,22,0,1,3,0,-1,24,0,-2,25,0,-3,26,0,-4,27,0,1,4,0,-1,9,0,-2,10,0,-3,11,0,-4,12,0,-1,28,0,-2,15,0,-3,13,0,1,6,0,1,7,0,1,7,0,1,7,0,1,8,0,1,8,0,1,8,0,4,9,0,1,9,0,4,10,0,1,10,0,4,11,0,1,11,0,4,12,0,1,12,0,1,14,0,-1,17,0,-1,19,0,-1,21,0,-1,23,0,1,24,0,1,25,0,1,26,0,1,27,0,6,1,2,2,5,3,2,6,4,2,6,6,2,15,7,2,13,8,2,13,61],[0,0,0,0,0,0,0,0,0,0,0,0,0,0,0,0,0,0,0,0,0,0,0,0,0,0,0,0,0,0,0,0,0,0,0,0,0,0,0,0,0,0,0,0,0,0,0,0,0,0,0,0,0,0,0,0,0,0,0,0,0,0,0,0,0,0,0,0,0,0,0,0,0,0,0,0,0,0,0,0,0,0],[3,3,3,3,-1,-2,-3,-4,-5,-6,-7,-8,-9,-10,-1,-2,-3,-4,-5,-6,-7,-8,-9,-10,-1,-2,-3,-4,-5,-6,-7,-8,-9,-10,-1,-2,-3,-4,-5,-6,-7,-8,-9,-10,-1,-2,-3,-4,-1,-2,-3,-4,-1,-2,-3,-4,-1,-2,-3,-4,-1,-2,-3,-4,-1,-2,-3,-4,-1,-2,-3,-4,-1,-2,-3,-4,-1,-2,-3,-1,-2,-3],[15,16,17,18,2,3,4,5,6,7,8,9,10,11,2,3,4,5,6,7,8,9,10,11,2,3,4,5,6,7,8,9,10,11,2,3,4,5,6,7,8,9,10,11,19,20,21,22,23,24,25,26,27,28,29,30,31,32,33,34,35,36,37,38,39,40,41,42,43,44,45,46,47,48,49,50,51,52,53,54,55,56]],[[{"name":"h_laptop_block_b","rect":[1107,455,182,302],"offset":[0,0],"originalSize":[350,350],"capInsets":[0,0,0,0]}],[0],0,[0],[0],[0]],[[{"name":"h_laptop_block_c","rect":[553,1059,182,452],"offset":[0,0],"originalSize":[350,736],"capInsets":[0,0,0,0]}],[0],0,[0],[0],[0]],[[{"name":"h_laptop_block_d","rect":[1,1209,182,602],"offset":[0,0],"originalSize":[350,736],"capInsets":[0,0,0,0]}],[0],0,[0],[0],[0]],[[{"name":"payout_window_07","rect":[738,1,680,574],"offset":[0,0],"originalSize":[680,574],"capInsets":[0,0,0,0]}],[0],0,[0],[0],[1]],[[{"name":"h_card_block_a","rect":[737,1363,182,152],"offset":[0,0],"originalSize":[350,350],"capInsets":[0,0,0,0]}],[0],0,[0],[0],[0]],[[{"name":"payout_window_08","rect":[1,717,684,723],"offset":[0,0],"originalSize":[684,723],"capInsets":[0,0,0,0]}],[0],0,[0],[0],[1]],[[{"name":"payout_window_05","rect":[738,577,680,280],"offset":[0,0],"originalSize":[680,280],"capInsets":[0,0,0,0]}],[0],0,[0],[0],[1]],[[{"name":"l_block_d","rect":[555,1,182,602],"offset":[0,0],"originalSize":[350,736],"capInsets":[0,0,0,0]}],[0],0,[0],[0],[0]],[[{"name":"h_laptop_block_a","rect":[1,1813,182,152],"offset":[0,0],"originalSize":[350,350],"capInsets":[0,0,0,0]}],[0],0,[0],[0],[0]],[[{"name":"l_block_a","rect":[466,1821,182,152],"offset":[0,0],"originalSize":[350,350],"capInsets":[0,0,0,0]}],[0],0,[0],[0],[0]],[[{"name":"h_pickaxe_block_a","rect":[737,1517,182,152],"offset":[0,0],"originalSize":[350,350],"capInsets":[0,0,0,0]}],[0],0,[0],[0],[0]]]]