[1,["4cFX3qsWNMQYO+QTJQJ7PX"],["_textureSetter"],["cc.SpriteFrame"],0,[[[{"name":"big_0","rect":[1,1,114,117],"offset":[0,0],"originalSize":[114,117],"capInsets":[0,0,0,0]}],[0],0,[0],[0],[0]],[[{"name":"big_6","rect":[106,355,103,117],"offset":[0,0],"originalSize":[103,117],"capInsets":[0,0,0,0]}],[0],0,[0],[0],[0]],[[{"name":"big_9","rect":[117,118,104,117],"offset":[0,0],"originalSize":[104,117],"capInsets":[0,0,0,0]}],[0],0,[0],[0],[0]],[[{"name":"big_4","rect":[105,826,99,116],"offset":[0,0],"originalSize":[99,116],"capInsets":[0,0,0,0]}],[0],0,[0],[0],[0]],[[{"name":"big_1","rect":[194,1036,56,117],"offset":[0,0],"originalSize":[56,117],"capInsets":[0,0,0,0]}],[0],0,[0],[0],[0]],[[{"name":"big_7","rect":[102,944,90,117],"offset":[0,0],"originalSize":[90,117],"capInsets":[0,0,0,0]}],[0],0,[0],[0],[0]],[[{"name":"big_5","rect":[1,593,102,117],"offset":[0,0],"originalSize":[102,117],"capInsets":[0,0,0,0]}],[0],0,[0],[0],[0]],[[{"name":"big_3","rect":[1,355,103,117],"offset":[0,0],"originalSize":[103,117],"capInsets":[0,0,0,0]}],[0],0,[0],[0],[0]],[[{"name":"big_8","rect":[1,474,103,117],"offset":[0,0],"originalSize":[103,117],"capInsets":[0,0,0,0]}],[0],0,[0],[0],[0]],[[{"name":"big_2","rect":[105,708,102,116],"offset":[0,0],"originalSize":[102,116],"capInsets":[0,0,0,0]}],[0],0,[0],[0],[0]]]]